timer	pos	dir	vel	steering	steering_input	brake	brake_input	throttle	throttle_input	wheelspeed	vel_kmh	is_oob	oob_counter	max_oob_percentage	oob_distance	oob_percentage
0	(12, 12.5, -28)	(1.2246471172829639e-16, 1, 0)	(0, 0, 0)	0	None	0	None	0	None	0	0	False	0	0	2.0	0.025695712834051587
0.188750009983778	(12.000166893005371, 12.501981735229492, -27.971477508544922)	(4.3742547859437764e-05, 0.9999881982803345, -0.004856562241911888)	(-0.003978644032031298, 0.08717106282711029, 0.1616537719964981)	-0.30224136488679976	-3.941366826114951e-05	0	0	0.5	0.5	0.05965352671187328	1	False	0	0	1.999833106994629	0.025500981050450844
0.4347500167787075	(12.00051212310791, 12.632022857666016, -27.847190856933594)	(3.153887064399896e-06, 0.9999897480010986, -0.004541623871773481)	(0.012030509300529957, 0.9040845632553101, 0.8873308300971985)	-0.22673534635918094	0.0005222394412396932	0	0	0.5965606900015737	0.5965606900015737	2.885113663237333	5	False	0	0	1.9994878768920898	0.0
0.6472500264644623	(12.000591278076172, 12.846177101135254, -27.737396240234375)	(0.0008417203207500279, 0.9999930262565613, -0.00363734969869256)	(0.024239961057901382, 1.342104434967041, 0.04928874596953392)	-0.039107530187019776	-0.00027701713184472796	0	0	0.26255171978777203	0.26255171978777203	3.0526737166167104	5	False	0	0	1.9994087219238281	0.0
0.7940000351518393	(12.000088691711426, 13.061006546020508, -27.74612808227539)	(0.0003359164111316204, 0.9999960660934448, 0.002783208852633834)	(-0.018079113215208054, 1.9180643558502197, -0.0680791363120079)	-0.24658580448157394	0.0007163158559776432	0	0	0.9999999999594509	0.9999999999594509	2.197944585047939	7	False	0	0	1.9999113082885742	0.0
0.9035000372678041	(11.99992561340332, 13.299402236938477, -27.752803802490234)	(0.0008549676276743412, 0.9999665021896362, 0.008135469630360603)	(0.026936747133731842, 2.6567442417144775, 0.003039395436644554)	-0.12100428395316637	0.00025989863620006046	0	0	0.3431218355597359	0.3431218355597359	3.2004261740827262	10	False	0	0	1.9999256134033203	0.0
1.0215000435709953	(12.000100135803223, 13.671009063720703, -27.758363723754883)	(0.0009751670877449214, 0.9999022483825684, 0.013945258222520351)	(-0.026225784793496132, 3.3374528884887695, -0.05101676285266876)	0.01503940322585194	-0.00010247995341855472	0	0	0.8780453041620604	0.8780453041620604	3.898903734883194	12	False	0	0	1.9998998641967773	0.0
1.1550000496208668	(12.000856399536133, 14.167747497558594, -27.7601261138916)	(0.001421630964614451, 0.9998639822006226, 0.01643209345638752)	(0.0006788959726691246, 4.1300835609436035, 0.002664299216121435)	0.3241418288352623	-0.0006840526286746231	0	0	0.9073211929864415	0.9073211929864415	4.47183699541624	15	False	0	0	1.9991436004638672	0.0
1.266250055283308	(12.001922607421875, 14.64533805847168, -27.761327743530273)	(0.0011365384561941028, 0.999863862991333, 0.016462037339806557)	(-0.013524351641535759, 4.770022392272949, -0.010318465530872345)	0.23871896604975096	-0.0005322766327492072	0	0	0.8044806095741945	0.8044806095741945	4.793407958112153	17	False	0	0	1.998077392578125	0.0
1.3712500594556332	(12.00300407409668, 15.191604614257812, -27.762004852294922)	(0.0009078712319023907, 0.9998602867126465, 0.01669069565832615)	(0.026606827974319458, 5.403736591339111, 0.008438926190137863)	0.1672309925950799	-0.0003283026323097185	0	0	0.8053262909737786	0.8053262909737786	5.715818570513234	19	False	0	0	1.9969959259033203	0.0
1.4730000626295805	(12.003339767456055, 15.748985290527344, -27.762266159057617)	(0.0007899520569480956, 0.9998667240142822, 0.016311105340719223)	(-0.002194143831729889, 5.955125331878662, 0.0050986395217478275)	0.08697572429993455	-6.6405767192674e-05	0	0	0.8065939855095147	0.8065939855095147	6.229089325878133	21	False	0	0	1.9966602325439453	0.0
1.568500068038702	(12.003579139709473, 16.345043182373047, -27.762069702148438)	(0.0006973097333684564, 0.9998680949211121, 0.016225654631853104)	(-0.0011843095999211073, 6.532994270324707, -0.00942958053201437)	-0.10875545737490774	0.0002568679219211822	0	0	0.9269166941577752	0.9269166941577752	6.659644782030565	24	False	0	0	1.9964208602905273	0.0
1.666000071913004	(12.003866195678711, 17.023618698120117, -27.76171112060547)	(0.0006805584416724741, 0.9998606443405151, 0.01667848229408264)	(0.02325422689318657, 7.167033672332764, -0.0005209511145949364)	-0.24228510175757914	0.0005027997053458869	0	0	0.8217507605307706	0.8217507605307706	7.386620477074753	26	False	0	0	1.996133804321289	0.0
1.7637500762939453	(12.004145622253418, 17.741621017456055, -27.76138687133789)	(0.0009607386309653521, 0.9998606443405151, 0.01666177436709404)	(0.005952055100351572, 7.699004650115967, 0.030528100207448006)	-0.20217939327563483	0.0003898525989056047	0	0	0.7996659971148069	0.7996659971148069	8.108466895805936	28	False	0	0	1.995854377746582	0.0
1.8642500806599855	(12.004871368408203, 18.56009864807129, -27.761123657226562)	(0.0009772877674549818, 0.9998600482940674, 0.016699325293302536)	(-0.0069846902042627335, 8.31110954284668, 0.026263173669576645)	-0.21828516984608995	0.00045665760575668794	0	0	0.8569330080439405	0.8569330080439405	8.566625756741463	30	False	0	0	1.9951286315917969	0.0
1.9632500857114792	(12.005943298339844, 19.400705337524414, -27.761240005493164)	(0.0011268535163253546, 0.9998606443405151, 0.016657482832670212)	(0.014926229603588581, 8.922333717346191, -0.006514693610370159)	-0.25620632550882294	0.0005527795878063101	0	0	0.8362740480496036	0.8362740480496036	9.103559950459184	32	False	0	0	1.9940567016601562	0.0
2.062000088393688	(12.00730037689209, 20.312416076660156, -27.7614803314209)	(0.0013711412902921438, 0.9998632073402405, 0.016475725919008255)	(0.021602464839816093, 9.491450309753418, 0.032276302576065063)	-0.19500738410108512	0.00032847769387360753	0	0	0.9032608070604213	0.9032608070604213	9.846867732200085	34	False	0	0	1.9926996231079102	0.0
2.167250094935298	(12.009001731872559, 21.36663246154785, -27.76169204711914)	(0.001522954204119742, 0.9998626708984375, 0.016502775251865387)	(0.017733201384544373, 10.109777450561523, -0.006960905622690916)	-0.12942368926738268	0.0002174984280802336	0	0	0.9362987231961752	0.9362987231961752	10.355781571021486	36	False	0	0	1.9909982681274414	0.0
2.2700001001358032	(12.010856628417969, 22.411237716674805, -27.762191772460938)	(0.0015836218371987343, 0.9998680353164673, 0.016166843473911285)	(0.022968340665102005, 10.671470642089844, -0.008749696426093578)	0.058755331364877615	-0.0002010932910681521	0	0	0.875232861997493	0.875232861997493	11.019144199716738	38	False	0	0	1.9891433715820312	0.0
2.366750106215477	(12.012788772583008, 23.48910903930664, -27.762508392333984)	(0.0016604457050561905, 0.9998692870140076, 0.016084961593151093)	(0.019274964928627014, 11.218833923339844, -0.02739446982741356)	0.3770240969128702	-0.0009859380516030662	0	0	0.9256916621829328	0.9256916621829328	11.528361839648383	40	False	0	0	1.9872112274169922	0.0
2.4730001091957092	(12.0147066116333, 24.705060958862305, -27.762786865234375)	(0.0013790641678497195, 0.9998781681060791, 0.015545381233096123)	(0.015802105888724327, 11.7927827835083, -0.007928208447992802)	0.8681947800925269	-0.0019082227630965512	0	0	0.9199473798628565	0.9199473798628565	12.106081294625572	42	False	0	0	1.9852933883666992	0.0
2.571500115096569	(12.016053199768066, 25.878917694091797, -27.76300048828125)	(0.0009823929285630584, 0.9998843669891357, 0.01517331413924694)	(0.018421359360218048, 12.30351734161377, -0.051355522125959396)	1.3514430458332496	-0.002894693426236577	0	0	0.9018888401191003	0.9018888401191003	12.709129036442906	44	False	0	0	1.9839468002319336	0.0
2.6720001213252544	(12.01669692993164, 27.14331817626953, -27.76310157775879)	(0.00031439546728506684, 0.9998919367790222, 0.014694549143314362)	(0.005384405143558979, 12.790700912475586, -0.01736825332045555)	1.9529835621526928	-0.004107067089524134	0	0	0.9041755058140234	0.9041755058140234	13.19848990326696	46	False	0	0	1.9833030700683594	0.0
2.772250125184655	(12.016265869140625, 28.46551513671875, -27.763193130493164)	(-0.00045974543900229037, 0.9998980760574341, 0.0142678152769804)	(-0.04134912043809891, 13.306913375854492, 0.049265306442976)	2.72436137568722	-0.005653307965698919	0	0	0.9275715361504707	0.9275715361504707	13.716419756257014	48	False	0	0	1.983734130859375	0.0
2.871250130236149	(12.014107704162598, 29.79191017150879, -27.763643264770508)	(-0.0016155748162418604, 0.9998990893363953, 0.01411224901676178)	(-0.036010973155498505, 13.805464744567871, -0.017908090725541115)	3.5651282075331774	-0.0072520586758039645	0	0	0.9118285240415872	0.9118285240415872	14.169211889213303	50	False	0	0	1.9858922958374023	0.0
2.972250135615468	(12.009305953979492, 31.217363357543945, -27.763952255249023)	(-0.0032391014974564314, 0.9998987913131714, 0.013856550678610802)	(-0.07476913183927536, 14.345385551452637, 0.02053344063460827)	4.285835035727564	-0.008630970618137153	0	0	0.9230342036923566	0.9230342036923566	14.878734385266174	52	False	0	0	1.9906940460205078	0.0
3.070750141516328	(12.001540184020996, 32.65882110595703, -27.763751983642578)	(-0.005319125950336456, 0.999891459941864, 0.013737943954765797)	(-0.09392501413822174, 14.849108695983887, 0.0030960175208747387)	4.819901275285698	-0.009665470369988705	0	0	0.8987568215392798	0.8987568215392798	15.2359769573179	53	False	0	0	1.998459815979004	0.0
3.1680001486092806	(11.990462303161621, 34.11700439453125, -27.763513565063477)	(-0.00762889115139842, 0.9998770356178284, 0.013696720823645592)	(-0.13030366599559784, 15.361102104187012, 0.005998298060148954)	5.253768386051603	-0.010447102088226993	0	0	0.8999818690657504	0.8999818690657504	15.791047193904584	55	False	0	0	1.990462303161621	0.0
3.2672501541674137	(11.974674224853516, 35.68290328979492, -27.76346778869629)	(-0.010130994021892548, 0.9998563528060913, 0.01358968298882246)	(-0.17341025173664093, 15.85687255859375, -0.010048859752714634)	5.554165989673692	-0.010903584622095744	0	0	0.8134584647620691	0.8134584647620691	16.231421570177325	57	False	0	0	1.9746742248535156	0.0
3.365500159561634	(11.954780578613281, 37.253440856933594, -27.76366424560547)	(-0.012513058260083199, 0.9998356699943542, 0.01312105543911457)	(-0.23238779604434967, 16.327058792114258, -0.019101714715361595)	5.414486192077223	-0.010450258292259162	0	0	0.7507045938930076	0.7507045938930076	16.732536778951484	59	False	0	0	1.9547805786132812	0.0
3.4615001641213894	(11.930663108825684, 38.8592414855957, -27.763965606689453)	(-0.014918087050318718, 0.9998131990432739, 0.012287641875445843)	(-0.273068904876709, 16.761011123657227, 0.0034895630087703466)	4.824367767051307	-0.009103133536666017	0	0	0.6741906221795873	0.6741906221795873	17.109144087678736	60	False	0	0	1.9306631088256836	0.0
3.561000168323517	(11.902061462402344, 40.52924728393555, -27.764501571655273)	(-0.017227115109562874, 0.9997936487197876, 0.01077023521065712)	(-0.29859888553619385, 17.07215118408203, -0.028654005378484726)	3.73432674713641	-0.006689207400762324	0	0	0	0.6549375210717835	17.298802335153745	61	False	0	0	1.9020614624023438	0.0
3.6615001745522022	(11.869677543640137, 42.24126052856445, -27.766864776611328)	(-0.019438717514276505, 0.9997997283935547, 0.004758447874337435)	(-0.33889368176460266, 17.060081481933594, -0.05766088888049126)	2.300746712421737	-0.0037774327685837416	0	0	0	0.7983473169800674	17.1180337801193	61	False	0	0	1.8696775436401367	0.0
3.759500179439783	(11.83543586730957, 43.920318603515625, -27.769689559936523)	(-0.020974701270461082, 0.9997790455818176, -0.0014002339448779821)	(-0.34899020195007324, 17.019624710083008, -0.031239621341228485)	0.6586955345220484	-0.0006681543042263803	0	0	0	0.9531250020983519	17.12023931831305	61	False	0	0	1.8354358673095703	0.0
3.85700018517673	(11.800512313842773, 45.57151794433594, -27.771133422851562)	(-0.02169671282172203, 0.999750554561615, -0.005294112488627434)	(-0.3627348840236664, 17.031999588012695, 0.004489895887672901)	-0.8281244209217743	0.0021346840942922944	0	0	0	0.9999999470100178	17.084562260389095	61	False	0	0	1.8005123138427734	0.0
3.956000190228224	(11.76413631439209, 47.28147888183594, -27.770349502563477)	(-0.021631043404340744, 0.9997447729110718, -0.0065064881928265095)	(-0.3513805866241455, 17.216129302978516, 0.029451541602611542)	-2.1465869082381155	0.004692171266603213	0	0	0	0.9700480239540867	17.570455398199293	62	False	0	0	1.7641363143920898	0.0
4.059500195086002	(11.727088928222656, 49.07196044921875, -27.767974853515625)	(-0.020648937672376633, 0.9997856616973877, -0.0015412579523399472)	(-0.35980069637298584, 17.481351852416992, 0.015131530351936817)	-3.44558846983435	0.007119043919829944	0	0	0.9999968725936405	0.9999968725936405	17.595265208765014	63	False	0	0	1.7270889282226562	0.0
4.1582501996308565	(11.692584991455078, 50.821895599365234, -27.768070220947266)	(-0.019190708175301552, 0.9998154044151306, -0.000980301876552403)	(-0.3293612599372864, 17.8238582611084, 0.04257471486926079)	-4.356987339479958	0.00886651981218752	0	0	0.9207651378015611	0.9207651378015611	18.12587816899371	64	False	0	0	1.6925849914550781	0.0
4.255500206723809	(11.662487983703613, 52.534584045410156, -27.76642417907715)	(-0.01701040007174015, 0.9998528957366943, 0.00220779818482697)	(-0.3064338266849518, 18.150726318359375, 0.013796957209706306)	-4.8881490525761055	0.00971689018031816	0	0	0.9369364743596632	0.9369364743596632	18.525009063830773	65	False	0	0	1.6624879837036133	0.0
4.354750210419297	(11.634021759033203, 54.38645553588867, -27.765167236328125)	(-0.014283478260040283, 0.9998893141746521, 0.004159701056778431)	(-0.263092577457428, 18.500213623046875, 0.004610467702150345)	-4.987382240132933	0.009728001598399441	0	0	0.8705011480890742	0.8705011480890742	18.852313768512904	67	False	0	0	1.6340217590332031	0.0
4.45200021751225	(11.610849380493164, 56.185733795166016, -27.764293670654297)	(-0.011571396142244339, 0.9999202489852905, 0.005051014944911003)	(-0.21563468873500824, 18.884082794189453, 0.00034601037623360753)	-4.7321624740488355	0.00911262189853781	0	0	0.7847745306662084	0.7847745306662084	19.2042734251476	68	False	0	0	1.610849528634034	0.0
4.553500220179558	(11.590635299682617, 58.138153076171875, -27.763595581054688)	(-0.008723198436200619, 0.9999481439590454, 0.005238428711891174)	(-0.17260649800300598, 19.227842330932617, -0.0014866192359477282)	-4.240744539067385	0.00807705056636935	0	0	0.6942912833291984	0.6942912833291984	19.571786583214347	69	False	0	0	1.5916352996826166	0.0
4.652750225737691	(11.57535171508789, 60.0526123046875, -27.763206481933594)	(-0.0061732688918709755, 0.9999698400497437, 0.004715649876743555)	(-0.12790410220623016, 19.546350479125977, 0.01656949892640114)	-3.62495807411952	0.006848576706204764	0	0	0.616363368550718	0.616363368550718	19.845669446531733	70	False	0	0	1.57635171508789	0.0
4.748500229790807	(11.564329147338867, 61.92764663696289, -27.763065338134766)	(-0.003894373308867216, 0.9999852776527405, 0.003776190336793661)	(-0.10032280534505844, 19.822216033935547, -0.0059629930183291435)	-2.953262906626894	0.0055217846496050434	0	0	0.5523134308719961	0.5523134308719961	20.088381631658194	71	False	0	0	1.5653291473388666	0.0
4.849500233307481	(11.556302070617676, 63.973365783691406, -27.763139724731445)	(-0.0016638173256069422, 0.9999955892562866, 0.0024588746018707752)	(-0.06661222875118256, 20.10495948791504, 0.0038679721765220165)	-2.219945424629711	0.00402013538310514	0	0	0.4863769650331221	0.4863769650331221	20.313020665538655	72	False	0	0	1.5563717869122469	0.0
4.952750235795975	(11.551932334899902, 66.0700912475586, -27.763368606567383)	(0.00020631463848985732, 0.9999993443489075, 0.001165631110779941)	(-0.024476731196045876, 20.347442626953125, 0.0026475118938833475)	-1.467277978037948	0.002596373764184864	0	0	0.43709632670473075	0.43709632670473075	20.604123764529092	73	False	0	0	1.55190649428948	0.0
5.056500239297748	(11.550809860229492, 68.17435455322266, -27.763750076293945)	(0.0016776776174083352, 0.9999985098838806, -2.3904332920210436e-05)	(0.009021447971463203, 20.551837921142578, 0.006988269742578268)	-0.8211304965016439	0.001406882346630158	0	0	0.3829670651815038	0.3829670651815038	20.806061755671536	74	False	0	0	1.5496809898656045	0.0
5.159500245004892	(11.55229663848877, 70.29299926757812, -27.764211654663086)	(0.0026302465703338385, 0.9999959468841553, -0.001109408913180232)	(0.014363117516040802, 20.7052001953125, 0.0009611241985112429)	-0.3290049817595521	0.00046037348800626206	0	0	0.33291206248021354	0.33291206248021354	20.9182366101236	75	False	0	0	1.5500513558180524	0.0
5.25900024920702	(11.555670738220215, 72.36044311523438, -27.7647762298584)	(0.003187738126143813, 0.9999926686286926, -0.00211606128141284)	(0.05389886349439621, 20.870445251464844, 0.002191255334764719)	-0.0019626870876151697	-0.00010662299457071224	0	0	0.3137066892745125	0.3137066892745125	21.04555457139827	75	False	0	0	1.5526707382202147	0.0
5.360000254586339	(11.560506820678711, 74.46227264404297, -27.765329360961914)	(0.0035193879157304764, 0.9999893307685852, -0.0029955431818962097)	(0.07543580234050751, 20.994741439819336, 0.005828694440424442)	0.24146855447198284	-0.0005196357785623701	0	0	0.28215387590607094	0.28215387590607094	21.197226089019175	76	False	0	0	1.557916905058296	0.0
5.456500256434083	(11.565985679626465, 76.48065948486328, -27.765850067138672)	(0.0037202294915914536, 0.9999860525131226, -0.0037682519759982824)	(0.040879592299461365, 21.062898635864258, -0.009664244949817657)	0.3898939885740384	-0.0008585635301322741	0	0	0.2614490002592852	0.2614490002592852	21.282348380364034	76	False	0	0	1.5658378669252837	0.0
5.5515002608299255	(11.571898460388184, 78.48129272460938, -27.766386032104492)	(0.003722220892086625, 0.999983012676239, -0.0044744303449988365)	(0.0618741549551487, 21.142560958862305, -0.02012544684112072)	0.48776320360750997	-0.0009686259346214404	0	0	0.23785371675363728	0.23785371675363728	21.37910987842118	76	False	0	0	1.5757490469059758	0.0
5.646250266581774	(11.578137397766113, 80.48937225341797, -27.766826629638672)	(0.003732499433681369, 0.999980092048645, -0.005101703107357025)	(0.07978235185146332, 21.240299224853516, 0.004659934435039759)	0.5496226355056437	-0.0011044981965814336	0	0	0.21156702623031465	0.21156702623031465	21.383994577909302	76	False	0	0	1.586002538638176	0.0
5.744750270619988	(11.584798812866211, 82.5936279296875, -27.767271041870117)	(0.0036517842672765255, 0.999976634979248, -0.005770755931735039)	(0.07942816615104675, 21.296598434448242, 0.005901021882891655)	0.5973350720612541	-0.0011784760589991304	0	0	0.20082798103389807	0.20082798103389807	21.416430123686816	77	False	0	0	1.5953356431286037	0.0
5.843500275164843	(11.591440200805664, 84.69739532470703, -27.767684936523438)	(0.0035452269949018955, 0.9999735951423645, -0.006347350776195526)	(0.08634974807500839, 21.338279724121094, 0.009442038834095001)	0.5990030468355539	-0.0011187768722415918	0	0	0.17908136680490933	0.17908136680490933	21.45708346600464	77	False	0	0	1.601803211468099	0.0
5.940000280737877	(11.597869873046875, 86.7509994506836, -27.768108367919922)	(0.0034792907536029816, 0.9999701976776123, -0.006897338200360537)	(0.05690271779894829, 21.321842193603516, -0.022535692900419235)	0.3362280881022179	-0.00042652936946582565	0	0	0.02270188827081491	0.02270188827081491	21.42881712971947	77	False	0	0	1.6027980283153693	0.0
6.038500284776092	(11.604622840881348, 88.85179138183594, -27.769287109375)	(0.0035324702039361, 0.9999538064002991, -0.008939883671700954)	(0.06429742276668549, 21.169931411743164, -0.03213849291205406)	-0.4748477867477305	0.0013442505941723849	0	0	0	0	21.224459840428146	76	False	0	0	1.5970663646505288	0.0
6.140000289306045	(11.612321853637695, 91.00059509277344, -27.77052879333496)	(0.003885779995471239, 0.9999279379844666, -0.011360060423612595)	(0.09625435620546341, 21.052522659301758, 0.00767862144857645)	-2.591947004382174	0.00672329553440136	0.01624411320184977	0.01624411320184977	0	0	21.04303170676299	76	False	0	0	1.5888023219947263	0.0
6.241000292822719	(11.622758865356445, 93.15182495117188, -27.77130889892578)	(0.005443067289888859, 0.9998878836631775, -0.013946118764579296)	(0.1149376630783081, 20.621482849121094, -0.024424372240900993)	-7.56702457366507	0.01773196382261991	0.35228758966274737	0.35228758966274737	0	0	20.3639398172045	74	False	0	0	1.5855042993919288	0.0
6.347250295802951	(11.640445709228516, 95.30689239501953, -27.773386001586914)	(0.009976637549698353, 0.9997859597206116, -0.018122969195246696)	(0.22386807203292847, 19.90708351135254, -0.024768952280282974)	-14.940971155451377	0.03232951261708422	0.37512961445302023	0.37512961445302023	0	0	19.634903733931267	72	False	0	0	1.601151209740134	0.0
6.451250297948718	(11.669724464416504, 97.30072021484375, -27.774425506591797)	(0.018609602004289627, 0.999607503414154, -0.020940562710165977)	(0.3667649030685425, 19.17171859741211, -0.009701767936348915)	-22.781739911337674	0.04771770077763012	0.36563064779117077	0.36563064779117077	0	0	18.960050481070393	69	False	0	0	1.6437734139242481	0.0
6.55750030092895	(11.720602035522461, 99.3184814453125, -27.77392578125)	(0.03322996571660042, 0.9991998076438904, -0.02226259931921959)	(0.5894229412078857, 18.448509216308594, 0.009954331442713737)	-30.821726515205984	0.06421385500885889	0.37791799059215714	0.37791799059215714	0	0	18.253100233845654	66	False	0	0	1.7302618888150931	0.0
6.666250305250287	(11.801631927490234, 101.32735443115234, -27.773468017578125)	(0.05320041999220848, 0.9983019232749939, -0.02372654713690281)	(0.8352380990982056, 17.47340202331543, -0.027737755328416824)	-38.93590013462332	0.07923184085960691	0.48334059173510785	0.48334059173510785	0	0	16.805917253095238	63	False	0	0	1.866381310811436	0.0
6.773750310763717	(11.907512664794922, 103.10165405273438, -27.77249526977539)	(0.07580766826868057, 0.9968266487121582, -0.024288466200232506)	(1.1865742206573486, 16.610795974731445, 0.03501967713236809)	-46.57327546191218	0.09460177628808422	0.39580634875381127	0.39580634875381127	0	0	16.220862232049452	60	False	0	0	1.9781722301830569	0.0
6.875000316649675	(12.044380187988281, 104.73477935791016, -27.77083396911621)	(0.10168887674808502, 0.9945264458656311, -0.024008115753531456)	(1.5462963581085205, 15.857810974121094, 0.03596034273505211)	-54.05895206033288	0.10892447931224784	0.32501547216733123	0.32501547216733123	0	0	15.642703127600068	57	False	0	0	1.8113347617766131	0.0
6.978000320494175	(12.223977088928223, 106.33255004882812, -27.769601821899414)	(0.13159210979938507, 0.9910271167755127, -0.02342367358505726)	(1.8988776206970215, 15.058512687683105, 0.021024346351623535)	-62.07558327957376	0.12444591759758	0.47483304890719447	0.47483304890719447	0	0	14.596470127787368	55	False	0	0	1.6283353104662608	0.0
7.082250325009227	(12.447867393493652, 107.87708282470703, -27.768964767456055)	(0.16535253822803497, 0.9859681129455566, -0.022918347269296646)	(2.3381094932556152, 14.24918270111084, 0.011876806616783142)	-68.5142717118142	0.1363709779683586	0.26642578832859226	0.26642578832859226	0	0	14.20250336553177	52	False	0	0	1.4364504305033168	0.0
7.187750332057476	(12.719022750854492, 109.3454818725586, -27.7674617767334)	(0.20288892090320587, 0.9789478778839111, -0.02229526825249195)	(2.804704189300537, 13.610921859741211, 0.018297046422958374)	-73.9623391854852	0.14720619038475574	0.21316605175073278	0.21316605175073278	0	0	13.8612513932014	50	False	0	0	1.2422560335456247	0.0
7.297250337898731	(13.053587913513184, 110.80972290039062, -27.766414642333984)	(0.24325646460056305, 0.9697255492210388, -0.021415749564766884)	(3.256786346435547, 12.925989151000977, -0.013438163325190544)	-80.35771516889058	0.16011638919603577	0.2563063042529948	0.2563063042529948	0	0	13.386123235973965	48	False	0	0	1.0363565405568655	0.0
7.402000343427062	(13.41108512878418, 112.1022720336914, -27.76557731628418)	(0.28104227781295776, 0.9594719409942627, -0.020707963034510612)	(3.705542802810669, 12.336784362792969, -0.00920221395790577)	-88.57307567149672	0.1773941060485939	0.11078227659876916	0.11078227659876916	0	0	13.098239705008655	46	False	0	0	0.8511723921787406	0.0011712358819920832
7.502500349655747	(13.80950927734375, 113.31903076171875, -27.764739990234375)	(0.31941449642181396, 0.9474093317985535, -0.01974634639918804)	(4.189773082733154, 11.816241264343262, -0.016513492912054062)	-99.19204858754317	0.19854724157446121	0.1462388562330581	0.1462388562330581	0	0	12.579152829440755	45	False	0	0	0.6684329159950289	0.026428502117974983
7.606000354513526	(14.268332481384277, 114.51709747314453, -27.76417350769043)	(0.36166930198669434, 0.9321138262748718, -0.018951568752527237)	(4.616947174072266, 11.246734619140625, 0.025125939399003983)	-108.87620078772746	0.22041865660889487	0.3079082833298923	0.3079082833298923	0	0	12.1914229275256	44	False	0	0	0.49487557129130133	0.07593197835528598
7.714000361040235	(14.790245056152344, 115.69317626953125, -27.76478385925293)	(0.40875163674354553, 0.9124360680580139, -0.019559990614652634)	(5.008338451385498, 10.461480140686035, -0.019786177203059196)	-118.30694426847401	0.23386651349455145	0.135452606258335	0.135452606258335	0	0	11.626944495757051	42	False	0	0	0.32757598709595936	0.1406240119814992
7.8245003670454025	(15.365263938903809, 116.810791015625, -27.764728546142578)	(0.46019119024276733, 0.8876131772994995, -0.019155826419591904)	(5.422399997711182, 9.793966293334961, -0.008681202307343483)	-123.8299297458527	0.24400808586977046	0.1831994230370917	0.1831994230370917	0.5	0	11.279941605506654	40	False	0	0	0.18766038083666992	0.20861333093264078
7.928000371903181	(15.937374114990234, 117.78108978271484, -27.76540756225586)	(0.5087319016456604, 0.8607311844825745, -0.01826467737555504)	(5.7611589431762695, 9.138866424560547, -0.029446912929415703)	-125.84862229709768	0.2466759099232393	0.1955222906820815	0.1955222906820815	0.5	0	10.844034822906579	39	False	0	0	0.0805932121770967	0.25979023673577983
8.031250374391675	(16.553434371948242, 118.69977569580078, -27.766151428222656)	(0.5567147135734558, 0.8305127024650574, -0.01781449094414711)	(6.015161037445068, 8.460954666137695, -0.007164768874645233)	-128.65440401806245	0.25187072550985923	0.059397843648962834	0.059397843648962834	0	0	10.6205890137178	37	False	0	0	0.009815208648548124	0.29925285125556667
8.13825038075447	(17.231897354125977, 119.58792114257812, -27.764829635620117)	(0.6045423150062561, 0.7964394688606262, -0.01458750944584608)	(6.544624328613281, 8.049762725830078, 0.018857186660170555)	-129.98326403345723	0.2555487558275534	0.025940761715979477	0.025940761715979477	0	0	10.597712181304637	37	False	0	0	-0.04131278749920719	0.3294695937798664
8.240500384941697	(17.90681266784668, 120.37166595458984, -27.76509666442871)	(0.6455342173576355, 0.7635902166366577, -0.014682677574455738)	(6.792694568634033, 7.446202278137207, 0.016321055591106415)	-129.78209229458523	0.2537102463878107	0	0	0	0	10.3976958282512	36	False	0	0	-0.07496234422461656	0.34906219842564157
8.335750391706824	(18.554866790771484, 121.04821014404297, -27.76539421081543)	(0.6815709471702576, 0.731569230556488, -0.016358928754925728)	(7.037596702575684, 6.993390083312988, -0.006429519969969988)	-129.67038192771363	0.2536326905275064	0	0	0	0	10.157317724607637	36	False	0	0	-0.09061820365789863	0.3606882279662442
8.430500395596027	(19.223644256591797, 121.6800308227539, -27.76521110534668)	(0.7146472930908203, 0.6992880702018738, -0.01659240387380123)	(7.261629104614258, 6.53182315826416, 0.015512116253376007)	-128.14857983614215	0.25028899377618985	0	0	0	0	10.0605788803779	35	False	0	0	-0.10058112964474564	0.36815443186932495
8.52325040102005	(19.907859802246094, 122.26801300048828, -27.76534652709961)	(0.7450666427612305, 0.6667817831039429, -0.016667310148477554)	(7.435441493988037, 6.067636013031006, -0.007863102480769157)	-126.04200169829686	0.24617400764123507	0	0	0	0	9.784503085523795	35	False	0	0	-0.10441377687631803	0.37152377387268043
8.620250407606363	(20.636350631713867, 122.83792877197266, -27.765506744384766)	(0.7741612792015076, 0.6327678561210632, -0.016707999631762505)	(7.560541152954102, 5.63365364074707, -0.018092282116413116)	-123.93773103680292	0.24210620943435182	0	0	0.02732420300328856	0.02732420300328856	9.572265399200399	34	False	0	0	-0.10049089990953064	0.37081265734982305
8.715000409632921	(21.358030319213867, 123.35181427001953, -27.7651424407959)	(0.800366997718811, 0.5992843508720398, -0.016459330916404724)	(7.729013919830322, 5.251797199249268, 0.020031651481986046)	-123.07007226849787	0.24123170525723625	0	0	0.08340070998147982	0.08340070998147982	9.617178015187907	34	False	0	0	-0.08820858081548133	0.36595620077906565
8.810000414028764	(22.103723526000977, 123.83506774902344, -27.764312744140625)	(0.8250438570976257, 0.564865231513977, -0.015162039548158646)	(7.940758228302002, 4.918306827545166, 0.009274053387343884)	-122.7309677686886	0.240674621726247	0	0	0.11779127658764117	0.11779127658764117	9.72782218691593	34	False	0	0	-0.06771227288924164	0.35665462171227513
8.902250418439507	(22.850914001464844, 124.27588653564453, -27.763402938842773)	(0.8478127121925354, 0.5301499962806702, -0.01242930069565773)	(8.178876876831055, 4.595976829528809, -0.025434821844100952)	-120.44833968205819	0.23449848460601472	0	0	0.11268414466228933	0.11268414466228933	9.636166429664197	34	False	0	0	-0.03742617718405361	0.3422440992086955
8.99750042334199	(23.634729385375977, 124.6965560913086, -27.763452529907227)	(0.869365394115448, 0.49404028058052063, -0.011316083371639252)	(8.365528106689453, 4.2823944091796875, 0.014456970617175102)	-116.13113009012424	0.22600831259362122	0	0	0.13252693657276204	0.13252693657276204	9.682459836050647	34	False	0	0	0.006033842744527895	0.32061407921076124
9.095250429585576	(24.466527938842773, 125.10078430175781, -27.763113021850586)	(0.889531135559082, 0.4567681550979614, -0.009859902784228325)	(8.596694946289062, 3.973947763442993, 0.010400794446468353)	-111.93578170929699	0.21766311002358332	0	0	0.12675646881280256	0.12675646881280256	9.757207517343101	34	False	0	0	0.07406943229952434	0.28923026187117273
9.195250432938337	(25.35171890258789, 125.48815155029297, -27.762956619262695)	(0.9080926775932312, 0.4186769425868988, -0.008795317262411118)	(8.792288780212402, 3.6415133476257324, -9.148352546617389e-06)	-106.83151915392217	0.20731395840185785	0	0	0.14182894604015073	0.14182894604015073	9.716334327589566	34	False	0	0	0.16992008989613905	0.24491454519704048
9.294250437989831	(26.22635269165039, 125.83168029785156, -27.76277732849121)	(0.9238961338996887, 0.3825596272945404, -0.007989889942109585)	(8.994477272033691, 3.3417348861694336, -0.0037992927245795727)	-101.24772693836663	0.19642377310330167	0	0	0.1474735682878197	0.1474735682878197	9.91719650275743	35	False	0	0	0.28961568472426946	0.19208692660262638
9.393000442534685	(27.124656677246094, 126.1482162475586, -27.762710571289062)	(0.9376696348190308, 0.34745192527770996, -0.007265922147780657)	(9.181139945983887, 3.0665152072906494, 0.012614982202649117)	-95.71567090476577	0.18570328844489767	0	0	0.14816330863375995	0.14816330863375995	9.976686974630205	35	False	0	0	0.43643848288694764	0.13738365633206062
9.492500446736813	(28.043441772460938, 126.43685913085938, -27.762657165527344)	(0.9495949745178223, 0.3134065568447113, -0.006764032877981663)	(9.374247550964355, 2.7747364044189453, -0.0033776822965592146)	-90.5143777984485	0.17535905773739952	0	0	0.1609827534622348	0.1609827534622348	9.998420100722736	35	False	0	0	0.5997770016466935	0.08544456444348669
9.59225045144558	(28.991802215576172, 126.70108032226562, -27.762710571289062)	(0.9599190950393677, 0.28020551800727844, -0.006348094437271357)	(9.552370071411133, 2.5053515434265137, -0.014859828166663647)	-85.20121389718601	0.16487751684420493	0	0	0.16990020233441738	0.16990020233441738	10.1284484284967	36	False	0	0	0.772069069614256	0.04078800854397091
9.687750454992056	(29.895048141479492, 126.92302703857422, -27.7626953125)	(0.9681898355484009, 0.2501471936702728, -0.005892976652830839)	(9.71417236328125, 2.2490265369415283, -0.00042455815128050745)	-79.7717833694874	0.15433795282091298	0	0	0.16806125177228703	0.16806125177228703	10.259050202134734	36	False	0	0	0.9340376582085672	0.011698949738583653
9.781250458210707	(30.808900833129883, 127.12065887451172, -27.76274871826172)	(0.9751663208007812, 0.22140705585479736, -0.005419253837317228)	(9.88099479675293, 2.010758876800537, 0.006278628017753363)	-74.23830646611017	0.14337875974257333	0	0	0.18240493833447316	0.18240493833447316	10.420773500855006	36	False	0	0	1.0881439265837092	2.979146285730927e-05
9.881000461056828	(31.818998336791992, 127.30990600585938, -27.762935638427734)	(0.9814238548278809, 0.19179022312164307, -0.004863668233156204)	(10.065116882324219, 1.742694616317749, -0.008007234893739223)	-68.40458068561236	0.13180496725093652	0	0	0.19414992161392147	0.19414992161392147	10.492819023713245	37	False	0	0	1.2445544758116238	0.0
9.983500465750694	(32.86550521850586, 127.47652435302734, -27.763200759887695)	(0.9865598082542419, 0.16334478557109833, -0.0042667631059885025)	(10.2564058303833, 1.5074609518051147, -0.005509927868843079)	-62.413186417731986	0.120124809319108	0	0	0.20276791418352993	0.20276791418352993	10.642034489421107	37	False	0	0	1.3928802415414396	0.0
10.078000470995903	(33.83038330078125, 127.60638427734375, -27.763391494750977)	(0.99022376537323, 0.13943685591220856, -0.0037683434784412384)	(10.429586410522461, 1.2959074974060059, -0.0024499346036463976)	-56.7718387780437	0.10899701173696666	0	0	0.22147303291583936	0.22147303291583936	10.742227383795692	38	False	0	0	1.516600299660813	0.0
10.174250479787588	(34.85013961791992, 127.72137451171875, -27.763551712036133)	(0.9931926131248474, 0.11644363403320312, -0.003043142380192876)	(10.643349647521973, 1.0988647937774658, -0.00460644718259573)	-50.636511096886274	0.0968395138529483	0	0	0.25546792192764023	0.25546792192764023	10.935631678601272	39	False	0	0	1.6352541699836856	0.0
10.274750482290983	(35.9482307434082, 127.82234954833984, -27.763456344604492)	(0.9955306649208069, 0.09441531449556351, -0.002082644496113062)	(10.876836776733398, 0.8851665258407593, 0.011137738823890686)	-43.903823566081826	0.08338222216816252	0	0	0.2771261707314913	0.2771261707314913	11.211201816995182	39	False	0	0	1.7477925245990276	0.0
10.37675048597157	(37.06673049926758, 127.90447235107422, -27.763568878173828)	(0.9971774220466614, 0.07507206499576569, -0.0011395883047953248)	(11.162075996398926, 0.7325786352157593, -0.01587550714612007)	-36.91900737304435	0.06973817309236617	0	0	0.3123891674653789	0.3123891674653789	11.499775651245514	40	False	0	0	1.8484843121686851	0.0
10.475000489503145	(38.16226577758789, 127.96808624267578, -27.763565063476562)	(0.9982337951660156, 0.05940753594040871, -7.785933121340349e-05)	(11.438775062561035, 0.5754398703575134, -0.006202181335538626)	-30.55686024705189	0.05758720226378347	0	0	0.3293332732093771	0.3293332732093771	11.712578921474709	41	False	0	0	1.933224557531828	0.0
10.569750495254993	(39.25564956665039, 128.01779174804688, -27.76352882385254)	(0.9989138841629028, 0.04658786952495575, 0.0008182552992366254)	(11.701642990112305, 0.4809128940105438, -0.0033172816038131714)	-25.04604034188463	0.04704439342113239	0	0	0.3474913086331098	0.3474913086331098	11.932607969025344	42	False	0	0	1.995630574903942	0.0
10.674000499770045	(40.53125762939453, 128.0618896484375, -27.763559341430664)	(0.999395489692688, 0.034725360572338104, 0.001692905672825873)	(12.013398170471191, 0.3608018159866333, 0.0008957205573096871)	-19.86380446455501	0.03689199830895549	0	0	0.35245441110046555	0.35245441110046555	12.320265158730162	43	False	0	0	1.9293693784042947	0.0
10.773500505834818	(41.710693359375, 128.09251403808594, -27.76374053955078)	(0.9996567368507385, 0.026105627417564392, 0.0021755192428827286)	(12.285942077636719, 0.2804134786128998, 0.018850432708859444)	-15.351791131226058	0.028519445436997096	0	0	0.3652704892737204	0.3652704892737204	12.567400451332107	44	False	0	0	1.8824594108288588	0.0
10.874000510200858	(42.980003356933594, 128.1173095703125, -27.763965606689453)	(0.9998172521591187, 0.01894879899919033, 0.002516259206458926)	(12.595586776733398, 0.20229773223400116, -0.04376735910773277)	-11.50522639679754	0.021162205680050148	0	0	0.36140563723894115	0.36140563723894115	12.8561755035816	45	False	0	0	1.844775488492605	0.0
10.974750515073538	(44.24995422363281, 128.13597106933594, -27.764238357543945)	(0.9999011158943176, 0.013736162334680557, 0.0029907391872256994)	(12.869909286499023, 0.1589050441980362, -0.02810359001159668)	-8.378698085259872	0.015323466658821424	0	0	0.3618723020337598	0.3618723020337598	13.07074271554519	46	False	0	0	1.8171160551987133	0.0
11.074000520631671	(45.53760528564453, 128.15008544921875, -27.7646541595459)	(0.9999459981918335, 0.009900650940835476, 0.0031391072552651167)	(13.130126953125, 0.12894490361213684, -0.016216648742556572)	-5.898981119978372	0.010715240865992993	0	0	0.36441586474768906	0.36441586474768906	13.385621073821127	47	False	0	0	1.7979106562838938	0.0
11.17300052382052	(46.858642578125, 128.16067504882812, -27.765085220336914)	(0.999971330165863, 0.006920089479535818, 0.0030741423834115267)	(13.40388011932373, 0.09223657846450806, 0.019911816343665123)	-3.8924788694896044	0.006901613029256466	0	0	0.3448436544486158	0.3448436544486158	13.676519685012806	48	False	0	0	1.7863259378404932	0.0
11.251750528812408	(48.174468994140625, 128.1683807373047, -27.765483856201172)	(0.9999845027923584, 0.004752999171614647, 0.0028971838764846325)	(13.654013633728027, 0.07951190322637558, 0.04231885448098183)	-2.147435316798093	0.003628355146648684	0	0	0.3348612946884894	0.3348612946884894	13.93600521032929	49	False	0	0	1.7805258431068263	0.0
11.372000532224774	(49.586585998535156, 128.17442321777344, -27.766054153442383)	(0.9999913573265076, 0.003316045505926013, 0.0024932774249464273)	(13.902807235717773, 0.06008482351899147, 0.04390409216284752)	-0.8508003199361331	0.0012172451411497677	0	0	0.3323443666304497	0.3323443666304497	14.166759197629089	50	False	0	0	1.7801367170837317	0.0
11.473500536754727	(50.991851806640625, 128.17909240722656, -27.766559600830078)	(0.9999940395355225, 0.0026783535722643137, 0.0021487909834831953)	(14.135316848754883, 0.05814192816615105, 0.007978038862347603)	0.04271206194718578	-0.00028403183349350026	0	0	0.3298702341471196	0.3298702341471196	14.408990245870548	51	False	0	0	1.7846947622112912	0.0
11.573500540107489	(52.41259002685547, 128.18325805664062, -27.766921997070312)	(0.9999952912330627, 0.0025092537980526686, 0.0018042675219476223)	(14.346796989440918, 0.04851493984460831, 0.01643195003271103)	0.16986854953629105	-0.0002561332360660095	0	0	0.32413776196244976	0.32413776196244976	14.583860240311672	52	False	0	0	1.7914936614666002	0.0
11.675250545144081	(53.901973724365234, 128.18736267089844, -27.76706314086914)	(0.9999952912330627, 0.002555258572101593, 0.001705994363874197)	(14.564099311828613, 0.02453005500137806, -0.030145565047860146)	-0.34497863135826273	0.0009764655554382999	0	0	0.3216240757630679	0.3216240757630679	14.875290268664973	52	False	0	0	1.8007480862871434	0.0
11.778250547125936	(55.40920639038086, 128.19091796875, -27.767122268676758)	(0.9999969601631165, 0.002210219157859683, 0.0010712164221331477)	(14.761171340942383, 0.03564491122961044, 0.02865321934223175)	-1.3601195414161575	0.003103737384774658	0	0	0.30154624839132066	0.30154624839132066	15.003173999256681	53	False	0	0	1.813683621842065	0.0
11.877000553533435	(56.8543815612793, 128.1932830810547, -27.76703453063965)	(0.9999985098838806, 0.001570416847243905, 0.0006845203461125493)	(14.935775756835938, 0.005268230102956295, 0.0004006950184702873)	-2.477441206229294	0.005272237893625658	0	0	0.2993883640644219	0.2993883640644219	15.249946480262212	54	False	0	0	1.8271198206439532	0.0
11.973500560969114	(58.30156707763672, 128.19395446777344, -27.766939163208008)	(0.9999998807907104, 0.00034007971407845616, 0.0001335866836598143)	(15.11603832244873, -0.014518285170197487, -0.023378614336252213)	-4.0819622623149066	0.00875986739935688	0	0	0.29530779989168077	0.29530779989168077	15.390843472413394	54	False	0	0	1.8418832599159733	0.0
12.06925056502223	(59.76459884643555, 128.19189453125, -27.766809463500977)	(0.9999984502792358, -0.0016503111692145467, -0.0006130370311439037)	(15.285337448120117, -0.035637833178043365, 0.005575805902481079)	-6.078766756423455	0.012802302555501023	0	0	0.28253311841378576	0.28253311841378576	15.520121763357912	55	False	0	0	1.8576432090794408	0.0
12.163000570610166	(61.196170806884766, 128.1861114501953, -27.766626358032227)	(0.9999895691871643, -0.004442320205271244, -0.0011271137045696378)	(15.42429256439209, -0.07937248796224594, 0.01466512680053711)	-8.275325753828493	0.017129874842886538	0	0	0.271260623087686	0.271260623087686	15.651783679558255	56	False	0	0	1.8744631510818237	0.0
12.261000575497746	(62.7260627746582, 128.1743621826172, -27.766441345214844)	(0.9999628663063049, -0.008447298780083656, -0.00166427344083786)	(15.564156532287598, -0.1543574333190918, -0.027791544795036316)	-10.584422550726137	0.02175388554394157	0	0	0.26553546959568475	0.26553546959568475	15.823667682341721	56	False	0	0	1.893793415826593	0.0
12.357250580564141	(64.22215270996094, 128.1558380126953, -27.766233444213867)	(0.9999073147773743, -0.013452929444611073, -0.0020793285220861435)	(15.678095817565918, -0.24480211734771729, 0.02706334926187992)	-12.93660189444427	0.02626509223430814	0	0	0.2552598442708629	0.2552598442708629	15.95177965499112	56	False	0	0	1.9138824985704928	0.0
12.45200058631599	(65.70575714111328, 128.12896728515625, -27.766109466552734)	(0.9998054504394531, -0.01953928917646408, -0.0027259394992142916)	(15.791775703430176, -0.33321046829223633, -0.02121856063604355)	-15.255878486558883	0.030950387106676993	0	0	0.24896417013217906	0.24896417013217906	16.054051381649934	57	False	0	0	1.9361796597893608	0.0
12.547500591725111	(67.24300384521484, 128.09046936035156, -27.765918731689453)	(0.9996309280395508, -0.026979563757777214, -0.0031726371962577105)	(15.900843620300293, -0.46620941162109375, -0.0006504298653453588)	-18.058950371360247	0.03667329622276415	0	0	0.23740788391995743	0.23740788391995743	16.18053800647718	57	False	0	0	1.9603099180997208	0.0
12.645500596612692	(68.80126953125, 128.03823852539062, -27.765743255615234)	(0.9993457794189453, -0.03597123548388481, -0.003755955956876278)	(15.983192443847656, -0.6167631149291992, 0.005373552907258272)	-21.36529177445204	0.04338706515077504	0	0	0.23224297680513134	0.23224297680513134	16.28875242137433	58	False	0	0	1.988447034374265	0.0
12.742000600323081	(70.34334564208984, 127.97093963623047, -27.765491485595703)	(0.9989029169082642, -0.046626120805740356, -0.004353493917733431)	(16.060535430908203, -0.7959331274032593, 0.013165833428502083)	-25.08695426661046	0.05059527271684782	0	0	0.22768243444103364	0.22768243444103364	16.356955855868776	58	False	0	0	1.9813524116744616	0.0
12.85175060480833	(72.15372467041016, 127.86846160888672, -27.76513671875)	(0.9980817437171936, -0.0617087297141552, -0.004976780619472265)	(16.13284683227539, -1.0438123941421509, -0.0035489576403051615)	-29.016235379986565	0.05853483288196429	0	0	0.2186980108053026	0.2186980108053026	16.464651592207108	58	False	0	0	1.9408665101559135	0.0
12.958500608801842	(73.85722351074219, 127.74488830566406, -27.7647647857666)	(0.9968981146812439, -0.07851488888263702, -0.005450194235891104)	(16.172075271606445, -1.3097944259643555, 0.001940073911100626)	-32.77429971101173	0.06572297372737794	0	0	0.20315154396753188	0.20315154396753188	16.574130845105486	58	False	0	0	1.895157432299008	0.0
13.057250615209341	(75.43473052978516, 127.6034927368164, -27.764436721801758)	(0.9953319430351257, -0.09633246064186096, -0.005857385694980621)	(16.18845558166504, -1.5873695611953735, 0.004125932231545448)	-35.87286401426989	0.07136673932014093	0	0	0.20147677318077048	0.20147677318077048	16.57976125105378	59	False	0	0	1.8467055338967007	0.0
13.153750620782375	(76.98915100097656, 127.43598175048828, -27.764188766479492)	(0.9932596683502197, -0.1157355010509491, -0.006365700159221888)	(16.19395637512207, -1.8929600715637207, 0.0010592592880129814)	-38.45421574982643	0.07629405132417881	0	0	0.19667547821393416	0.19667547821393416	16.635677165344287	59	False	0	0	1.7936372648584822	0.0
13.249000625684857	(78.51908111572266, 127.2412109375, -27.763967514038086)	(0.9906533360481262, -0.13623346388339996, -0.006799878552556038)	(16.188034057617188, -2.220475912094116, -0.04010574519634247)	-40.77782363549572	0.0810286214896351	0	0	0.1821526489244426	0.1821526489244426	16.717779472048772	59	False	0	0	1.7349679941120058	0.0
13.3440006300807	(80.05890655517578, 127.01274108886719, -27.763763427734375)	(0.9873939156532288, -0.15811479091644287, -0.00728032598271966)	(16.153301239013672, -2.5713014602661133, -0.04322826862335205)	-44.23959470184188	0.0887460639179275	0	0	0.17023874139527712	0.17023874139527712	16.71749969942973	59	False	0	0	1.6700415962029527	0.0
13.440250635147095	(81.61730194091797, 126.74470520019531, -27.76358413696289)	(0.9832427501678467, -0.18212580680847168, -0.008000290021300316)	(16.048904418945312, -2.966949701309204, -0.028612174093723297)	-49.361821643961164	0.09916722911957088	0	0	0	0	16.614488288968104	59	False	0	0	1.6001330433472503	0.0
13.540000639855862	(83.22338104248047, 126.42533111572266, -27.764427185058594)	(0.9776263236999512, -0.21007828414440155, -0.01067969761788845)	(15.72443962097168, -3.3519537448883057, 0.011452646926045418)	-57.01241566812236	0.11580957188584942	0	0	0	0	16.157807205214862	58	False	0	0	1.5211569088108212	0.0
13.640750644728541	(84.78565216064453, 126.06584930419922, -27.765071868896484)	(0.9702568650245667, -0.2416488081216812, -0.014407112263143063)	(15.38255500793457, -3.81046199798584, -0.025785531848669052)	-63.04174504256623	0.12556451215779757	0	0	0	0	16.11359218782941	57	False	0	0	1.4373915584147463	0.0
13.744750650599599	(86.3747329711914, 125.64266204833984, -27.764665603637695)	(0.9605717658996582, -0.2775667607784271, -0.016086414456367493)	(15.010278701782227, -4.294442653656006, -0.03740851581096649)	-68.28250595624245	0.1357489802489055	0.11250494286898949	0.11250494286898949	0	0	15.830095657573843	56	False	0	0	1.3419682099398376	0.0
13.844750655815005	(87.82079315185547, 125.20268249511719, -27.76555633544922)	(0.9496482610702515, -0.312750905752182, -0.018843119964003563)	(14.312851905822754, -4.591912269592285, -0.009119829162955284)	-72.09009425937816	0.14185514237340172	0.4438713582231355	0.4438713582231355	0	0	14.608449953169684	54	False	0	0	1.2483331852333002	0.0
13.948000660166144	(89.29037475585938, 124.69751739501953, -27.767133712768555)	(0.9361674785614014, -0.3509603440761566, -0.020427364856004715)	(13.426506042480469, -4.947193622589111, -0.012966729700565338)	-73.96590670952486	0.14519406190923675	0.34043538004638274	0.34043538004638274	0	0	14.022900111407484	52	False	0	0	1.1500041009286115	0.0
14.05025066435337	(90.60540771484375, 124.18473052978516, -27.76690101623535)	(0.9213665723800659, -0.388133704662323, -0.02087782695889473)	(12.696102142333984, -5.276782989501953, 0.033119432628154755)	-76.00545788715183	0.14999233442048818	0.11065792996180157	0.11065792996180157	0	0	13.776109747379886	49	False	0	0	1.0543296480630304	0.0
14.15550067089498	(91.90962982177734, 123.60707092285156, -27.76553726196289)	(0.9039188027381897, -0.4272187054157257, -0.020371733233332634)	(12.165653228759766, -5.730553150177002, 0.03419987112283707)	-78.4645566717035	0.15523854218824834	0	0	0	0	13.701983753250824	48	False	0	0	0.950609249997856	0.0
14.25425067357719	(93.07403564453125, 123.02593231201172, -27.764347076416016)	(0.886408805847168, -0.4625045657157898, -0.01920895464718342)	(11.722681045532227, -6.17924690246582, 0.06544327735900879)	-82.9498033500258	0.16439700112720512	0	0	0	0	13.361764153936162	48	False	0	0	0.8501195521550833	0.0
14.349750678986311	(94.16390228271484, 122.42139434814453, -27.763822555541992)	(0.8681535720825195, -0.49595561623573303, -0.01836739480495453)	(11.277164459228516, -6.579013347625732, -0.007034550420939922)	-87.20370879167142	0.1725724695059224	0	0	0	0	13.363389658676228	47	False	0	0	0.7521922778361161	0.00048215069412749223
14.445500683039427	(95.23011016845703, 121.76797485351562, -27.763689041137695)	(0.8476592898368835, -0.530246376991272, -0.017679082229733467)	(10.816137313842773, -6.980589866638184, 0.017416447401046753)	-91.34477738020878	0.1808117617088013	0	0	0	0	13.114585249751897	46	False	0	0	0.655719366985831	0.01691073522021902
14.54000068642199	(96.23323822021484, 121.09196472167969, -27.763690948486328)	(0.8255788087844849, -0.5640172362327576, -0.01743602380156517)	(10.362566947937012, -7.330678939819336, -0.0337376743555069)	-95.24839152132891	0.18840974285064058	0	0	0	0	12.933446714996045	46	False	0	0	0.5709931803642956	0.04228532064144397
14.638500690460205	(97.24039459228516, 120.34503173828125, -27.763591766357422)	(0.8000231385231018, -0.5997150540351868, -0.01746137998998165)	(9.852119445800781, -7.643976211547852, -0.012256698682904243)	-99.89483852367279	0.1966825089829308	0	0	0	0	12.796561166739671	45	False	0	0	0.4939530408691679	0.07331005186086037
14.740250695496798	(98.20055389404297, 119.56012725830078, -27.763565063476562)	(0.7719509601593018, -0.635441780090332, -0.017483163625001907)	(9.3182373046875, -8.026119232177734, -0.03906834498047829)	-101.85038627399719	0.20057467835002546	0	0	0	0	12.454242856360477	44	False	0	0	0.42945626540388493	0.10453873449307738
14.836500700563192	(99.06761169433594, 118.78047180175781, -27.76338768005371)	(0.7429724335670471, -0.6690953969955444, -0.01741388440132141)	(8.807722091674805, -8.284262657165527, 0.02163425087928772)	-102.73523571393632	0.2015626659910114	0	0	0	0	12.316526381948497	44	False	0	0	0.3822904290197553	0.12849624168416507
14.93175070360303	(99.88945007324219, 117.9699935913086, -27.763452529907227)	(0.7122355699539185, -0.7017237544059753, -0.017445756122469902)	(8.294347763061523, -8.545201301574707, -0.0021073278039693832)	-102.69500243002335	0.20118112425175966	0	0	0	0	12.109877610365743	43	False	0	0	0.3495404085694216	0.14506825833857995
15.028500711545348	(100.66307067871094, 117.13346099853516, -27.76370620727539)	(0.6797752380371094, -0.7332153916358948, -0.017348291352391243)	(7.734617233276367, -8.801422119140625, -0.02391206845641136)	-102.89381459331909	0.20147354544415344	0	0	0	0	11.925273777049103	42	False	0	0	0.3378479518339279	0.15354711683836209
15.126750716939569	(101.3954086303711, 116.2647476196289, -27.764066696166992)	(0.6454967856407166, -0.7635650634765625, -0.017386799678206444)	(7.227879047393799, -8.987473487854004, -0.002604752779006958)	-100.41580714074547	0.1951877539389625	0	0	0	0	11.768710653793413	42	False	0	0	0.34143735708416045	0.153968953892077
15.22675072029233	(102.09957885742188, 115.34811401367188, -27.76454734802246)	(0.6095958352088928, -0.7925329804420471, -0.016860270872712135)	(6.742879390716553, -9.16147518157959, 0.0005170304793864489)	-96.00811385718275	0.18785168801148358	0	0	0.06124582641221789	0.06124582641221789	11.73806476043507	41	False	0	0	0.3617039782694873	0.14574740915350248
15.325750721618533	(102.74398040771484, 114.42680358886719, -27.764423370361328)	(0.574535071849823, -0.8183255195617676, -0.015895072370767593)	(6.2683610916137695, -9.400002479553223, 0.03772202879190445)	-95.68373519680732	0.18735753427689536	0	0	0.09466897727961578	0.09466897727961578	11.636409064435721	41	False	0	0	0.3997937405120615	0.1297845178675473
15.420000724494457	(103.30487060546875, 113.5496597290039, -27.764097213745117)	(0.5422601103782654, -0.8400878310203552, -0.014366131275892258)	(5.885756969451904, -9.623000144958496, 0.017617592588067055)	-95.68982704759547	0.18983096851012993	0	0	0.11390519237463059	0.11390519237463059	11.52573276266496	41	False	0	0	0.4482555890346316	0.10836251299453292
15.516000729054213	(103.85752868652344, 112.60253143310547, -27.763412475585938)	(0.5079731345176697, -0.861288845539093, -0.012034857645630836)	(5.478541851043701, -9.891018867492676, 0.01947948895394802)	-97.77022024893378	0.19245384440250363	0	0	0.10360676679748598	0.10360676679748598	11.669923647657832	41	False	0	0	0.5121076194283392	0.08255856925871541
15.614750733599067	(104.37934112548828, 111.61708068847656, -27.763442993164062)	(0.47226351499557495, -0.8813856840133667, -0.011244673281908035)	(5.063689231872559, -10.08699893951416, 0.0075926510617136955)	-98.48519301055497	0.19316944333299826	0	0	0.12949221158811286	0.12949221158811286	11.676620388263661	41	False	0	0	0.5873518090185685	0.05573950235939773
15.710250737145543	(104.85004425048828, 110.63082122802734, -27.762971878051758)	(0.4359653890132904, -0.8999021053314209, -0.010509176179766655)	(4.669584274291992, -10.287641525268555, 0.017995763570070267)	-98.85200031897043	0.19356197480531473	0	0	0.13024755597097706	0.13024755597097706	11.639164865191686	41	False	0	0	0.6686118286869187	0.03125614667526855
15.809250742197037	(105.28968811035156, 109.60345458984375, -27.7626895904541)	(0.3981582820415497, -0.9172657132148743, -0.00967548880726099)	(4.2465715408325195, -10.50003719329834, -0.021302305161952972)	-98.07995030269332	0.1918663505842151	0	0	0.1354756162562994	0.1354756162562994	11.6840202717824	41	False	0	0	0.7519665016428339	0.010804050874580362
15.907250747084618	(105.68207550048828, 108.57064056396484, -27.762401580810547)	(0.36021530628204346, -0.932820737361908, -0.009513058699667454)	(3.8180248737335205, -10.679449081420898, -0.002542134840041399)	-97.03872704467966	0.18947882360744567	0	0	0.13684837405981148	0.13684837405981148	11.679679815011461	41	False	0	0	0.8410719389984864	0.0
15.982250751927495	(106.02511596679688, 107.547607421875, -27.76229476928711)	(0.3230103552341461, -0.9463513493537903, -0.0091289347037673)	(3.386533737182617, -10.848569869995117, 0.005093181040138006)	-94.96632204348398	0.18520663894974088	0	0	0.1336894933507185	0.1336894933507185	11.650784123859765	41	False	0	0	0.9249215141523504	0.0
16.09825075790286	(106.33322143554688, 106.49320983886719, -27.762208938598633)	(0.28527161478996277, -0.9584062695503235, -0.008806225843727589)	(2.9814536571502686, -11.000214576721191, 0.01462477259337902)	-92.00910020776107	0.17905837892505033	0	0	0.13849242082441163	0.13849242082441163	11.735948142520138	41	False	0	0	1.0045103938557256	0.0
16.19625076279044	(106.6038818359375, 105.41651916503906, -27.762351989746094)	(0.2478257715702057, -0.9687647223472595, -0.008797393180429935)	(2.603563070297241, -11.137933731079102, 0.019029857590794563)	-88.442115071151	0.171847204891911	0	0	0.14291302086970445	0.14291302086970445	11.839346737422149	41	False	0	0	1.0795313629123686	0.0
16.27350076660514	(106.8377456665039, 104.31267547607422, -27.762393951416016)	(0.21070526540279388, -0.9775131344795227, -0.008452861569821835)	(2.1761367321014404, -11.267813682556152, 0.002726152306422591)	-84.41038666475394	0.16358565175405737	0	0	0.15035456675015257	0.15035456675015257	11.78126273080139	41	False	0	0	1.1505852768702838	0.0
16.390000769868493	(107.02565002441406, 103.23946380615234, -27.76251983642578)	(0.17608965933322906, -0.9843389987945557, -0.008311038836836815)	(1.8048385381698608, -11.378074645996094, -0.015312965959310532)	-79.98717917556634	0.15521119926419183	0	0	0.15254509398805494	0.15254509398805494	11.8479774613707	41	False	0	0	1.2135224668722602	0.0
16.490250777453184	(107.1895751953125, 102.06919860839844, -27.762657165527344)	(0.14039912819862366, -0.990062952041626, -0.007965903729200363)	(1.4179378747940063, -11.486730575561523, 0.018019983544945717)	-75.36819215262857	0.14535786008942622	0	0	0.16042976515480764	0.16042976515480764	11.952968156077397	42	False	0	0	1.2746075424343548	0.0
16.596250781789422	(107.31947326660156, 100.8292236328125, -27.76275062561035)	(0.10469268262386322, -0.9944760203361511, -0.0075468341819942)	(1.024895429611206, -11.627887725830078, -0.0007029661210253835)	-69.42580165698476	0.13381539787639063	0	0	0.1669165262240024	0.1669165262240024	11.97646242368517	42	False	0	0	1.3293109695634746	0.0
16.705500785261393	(107.41101837158203, 99.54994201660156, -27.76296615600586)	(0.0709657296538353, -0.9974533915519714, -0.007112674415111542)	(0.6591781377792358, -11.73962688446045, 0.005403123330324888)	-63.5879822754971	0.12233606103069807	0	0	0.18403742540532755	0.18403742540532755	12.081039536881393	42	False	0	0	1.3772058736283115	0.0
16.807000789791346	(107.45977783203125, 98.37894439697266, -27.762941360473633)	(0.04231734946370125, -0.9990825057029724, -0.006596462335437536)	(0.3165225088596344, -11.858284950256348, 0.008585763163864613)	-58.004171927279714	0.1116440525985062	0	0	0.19255084069204173	0.19255084069204173	12.12037902707557	43	False	0	0	1.4139527149979514	0.0
16.90400079637766	(107.47811889648438, 97.23786163330078, -27.76300048828125)	(0.016860246658325195, -0.999839186668396, -0.006107830908149481)	(0.07032959908246994, -11.970694541931152, -0.0031400169245898724)	-52.83970750291113	0.10179419565190054	0	0	0.20734529119879597	0.20734529119879597	12.184902813448074	43	False	0	0	1.444748932143367	0.0
17.00475080125034	(107.46875762939453, 96.00264739990234, -27.76315689086914)	(-0.00777402613312006, -0.9999557137489319, -0.005304319784045219)	(-0.24059449136257172, -12.12569522857666, 0.012692177668213844)	-48.39912311339538	0.0931933357056823	0	0	0.2252696275145356	0.2252696275145356	12.474708344050022	44	False	0	0	1.4740293799944237	0.0
17.106250803917646	(107.43218231201172, 94.77709197998047, -27.763141632080078)	(-0.02999192290008068, -0.9995396733283997, -0.0045666140504181385)	(-0.49172645807266235, -12.266457557678223, -0.0011627235217019916)	-44.407848996033614	0.08551729687183672	0	0	0.25260044997325626	0.25260044997325626	12.572234180750238	44	False	0	0	1.5002393997034265	0.0
17.206500809639692	(107.36904907226562, 93.52374267578125, -27.76310920715332)	(-0.051366955041885376, -0.9986730217933655, -0.0036912686191499233)	(-0.7478583455085754, -12.429644584655762, -0.015160867013037205)	-40.56327610937829	0.07803603843024974	0	0	0.2648705590322983	0.2648705590322983	12.672706203946898	45	False	0	0	1.5245325864441694	0.0
17.309750812128186	(107.28018188476562, 92.2404556274414, -27.763137817382812)	(-0.07134972512722015, -0.9974475502967834, -0.0027661265339702368)	(-0.9909942150115967, -12.596609115600586, 0.00042419583769515157)	-36.968011185222444	0.07123871581152938	0	0	0.28785115841806574	0.28785115841806574	12.874791762307515	45	False	0	0	1.5476764501138667	0.0
17.405250815674663	(107.17662811279297, 91.04039001464844, -27.763059616088867)	(-0.08836447447538376, -0.9960862398147583, -0.0020037435460835695)	(-1.189670443534851, -12.77914047241211, 0.0005976792890578508)	-34.25590286797114	0.06628907592796104	0	0	0.29169147782461474	0.29169147782461474	13.066824637247812	46	False	0	0	1.5687053293942383	0.0
17.498000821098685	(107.05620574951172, 89.8597183227539, -27.762956619262695)	(-0.10406249761581421, -0.9945698976516724, -0.0012920668814331293)	(-1.4184505939483643, -12.958145141601562, -0.005229049362242222)	-32.103846419636135	0.06211351123107838	0	0	0.30020077524710836	0.30020077524710836	13.323411867524047	47	False	0	0	1.5882874530259454	0.0
17.59950082562864	(106.89432525634766, 88.48929595947266, -27.762948989868164)	(-0.12137366086244583, -0.9926066398620605, -0.0005857975920662284)	(-1.6603484153747559, -13.160344123840332, 0.001254318282008171)	-30.0263245593683	0.05815744943615774	0	0	0.3209648271861583	0.3209648271861583	13.559159338040608	48	False	0	0	1.609558633567321	0.0
17.707750832661986	(106.69461059570312, 87.01078796386719, -27.763216018676758)	(-0.13893656432628632, -0.990301251411438, -0.00014008066500537097)	(-1.9250837564468384, -13.354354858398438, 0.004077478777617216)	-28.51914095801413	0.055076867958154266	0	0	0.31989413149969304	0.31989413149969304	13.830111083254373	49	False	0	0	1.632436881693307	0.0
17.813000835478306	(106.48290252685547, 85.61360931396484, -27.76343536376953)	(-0.15465831756591797, -0.9879679679870605, 0.00030020097619853914)	(-2.1555511951446533, -13.559179306030273, -0.0005481692496687174)	-26.434218433017683	0.051126962922524936	0	0	0.31932455576991525	0.31932455576991525	14.044245054671507	49	False	0	0	1.6511412340717346	0.0
17.91600084118545	(106.25651550292969, 84.25543975830078, -27.763822555541992)	(-0.16914230585098267, -0.9855915307998657, 0.0005963067524135113)	(-2.387732982635498, -13.711481094360352, -0.029203513637185097)	-24.53811044789523	0.047399047759487264	0	0	0	0.3235154058115948	14.157457358839979	50	False	0	0	1.6667872217945394	0.0
18.023500844836235	(105.98542022705078, 82.76080322265625, -27.765514373779297)	(-0.18399332463741302, -0.9829250574111938, -0.0021939107682555914)	(-2.5710959434509277, -13.64102840423584, -0.007062227465212345)	-22.412917782225975	0.043110779714925766	0	0	0	0.4437213875592405	14.029858268001146	50	False	0	0	1.6835729251045888	0.0
18.124250849708915	(105.7237319946289, 81.41909790039062, -27.767004013061523)	(-0.19630196690559387, -0.9805286526679993, -0.005389347206801176)	(-2.7340338230133057, -13.596121788024902, -0.011768259108066559)	-20.59192319272424	0.039786268737851516	0	0	0	0.5489759075529447	14.111139910833089	50	False	0	0	1.6991873450978088	0.0
18.22425085492432	(105.43797302246094, 80.04148864746094, -27.76776123046875)	(-0.20773117244243622, -0.9781571626663208, -0.007499531842768192)	(-2.8882298469543457, -13.546380043029785, 0.004949269350618124)	-19.26221952864694	0.037317327338278646	0	0	0	0.6569034297000734	14.069797269920663	50	False	0	0	1.7134426726412895	0.0
18.329000858590007	(105.12770080566406, 78.62760925292969, -27.76768684387207)	(-0.2185899317264557, -0.9757797718048096, -0.00851252768188715)	(-3.0513980388641357, -13.565844535827637, 0.01736546866595745)	-18.22120964705349	0.03538402529369834	0	0	0	0.7475009963535371	14.251363975432268	50	False	0	0	1.7268253419111694	0.0
18.426750864833593	(104.82010650634766, 77.29480743408203, -27.766515731811523)	(-0.22812248766422272, -0.9736191034317017, -0.005095292814075947)	(-3.2433743476867676, -13.771787643432617, 0.0067155621945858)	-17.500325968260153	0.03400585961317768	0	0	0	0.6741960061039255	14.336137833806598	51	False	0	0	1.738189968838296	0.0
18.525750868022442	(104.49345397949219, 75.9363784790039, -27.767057418823242)	(-0.23734483122825623, -0.9714073538780212, -0.00593223050236702)	(-3.389650821685791, -13.815755844116211, -0.01898246817290783)	-16.794388688399806	0.032946934138581435	0	0	0.6572368230133478	0.6572368230133478	14.844545074442145	51	False	0	0	1.7494561229485968	0.0
18.622750874608755	(104.15636444091797, 74.59275817871094, -27.76589012145996)	(-0.24681514501571655, -0.969062089920044, -0.0009237676276825368)	(-3.641235113143921, -14.196166038513184, -0.007162269204854965)	-16.8757091108204	0.03312830689731942	0	0	0.6054051470968023	0.6054051470968023	15.01328922760851	53	False	0	0	1.7605300735405096	0.0
18.72200088016689	(103.78001403808594, 73.15386199951172, -27.76517105102539)	(-0.25572410225868225, -0.9667469263076782, 0.0023650573566555977)	(-3.867172956466675, -14.497978210449219, 0.010366501286625862)	-17.29403388249757	0.03424490004124774	0	0	0.49321923586736593	0.49321923586736593	15.310511999083614	54	False	0	0	1.7716910105532029	0.0
18.81925088353455	(103.3987045288086, 71.74996185302734, -27.764976501464844)	(-0.26391565799713135, -0.96453857421875, 0.0037332000210881233)	(-4.069885730743408, -14.735801696777344, -0.018280237913131714)	-18.108267781581016	0.035829708471480315	0	0	0.4327501729828318	0.4327501729828318	15.625356460382882	55	False	0	0	1.7812349541185495	0.0
18.91375088877976	(103.0022964477539, 70.33984375, -27.764799118041992)	(-0.2723938524723053, -0.9621793031692505, 0.0035510531160980463)	(-4.263040542602539, -14.939075469970703, -0.0014609601348638535)	-18.79250584096167	0.03707702552916239	0	0	0.3631123903028291	0.3631123903028291	15.858737753827779	56	False	0	0	1.7891188821725947	0.0
19.008750893175602	(102.5887680053711, 68.916748046875, -27.7646427154541)	(-0.281161367893219, -0.9596565365791321, 0.0027733298484236)	(-4.468894004821777, -15.091134071350098, 0.005971020553261042)	-19.156065799059768	0.037583516103940076	0	0	0.31845802297331116	0.31845802297331116	16.022625879645226	57	False	0	0	1.7947204446358882	0.0
19.10875089839101	(102.12498474121094, 67.37383270263672, -27.764629364013672)	(-0.29090216755867004, -0.9567518830299377, 0.0013183427508920431)	(-4.6563029289245605, -15.225110054016113, 0.006095353048294783)	-19.180203519066904	0.037481467196793045	0	0	0.2877492920155122	0.2877492920155122	16.21366137169215	57	False	0	0	1.8019843837562854	0.0
19.214500902220607	(101.62272644042969, 65.76161193847656, -27.764814376831055)	(-0.30117180943489075, -0.9535699486732483, -0.0002272589917993173)	(-4.856818199157715, -15.328032493591309, 0.009043985977768898)	-18.73210456962117	0.03639375566067251	0	0	0.2564591815292105	0.2564591815292105	16.358312594190647	58	False	0	0	1.8060177531870583	0.0
19.318750904873013	(101.08892059326172, 64.10895538330078, -27.765060424804688)	(-0.3116365671157837, -0.950200080871582, -0.0015668340492993593)	(-5.077086448669434, -15.412237167358398, 0.019054800271987915)	-17.90841623142736	0.03467774765411896	0	0	0.22886645105063733	0.22886645105063733	16.46038458750041	58	False	0	0	1.8048449503760464	0.0
19.421250907704234	(100.58345794677734, 62.59600067138672, -27.765377044677734)	(-0.3209623098373413, -0.9470881819725037, -0.002660698490217328)	(-5.248554706573486, -15.455608367919922, -0.02387229911983013)	-16.902814504165942	0.032574376310983276	0	0	0.20893154530139674	0.20893154530139674	16.628770523160423	59	False	0	0	1.7987009384635093	0.0
19.522250913083553	(100.0392074584961, 61.016632080078125, -27.765783309936523)	(-0.3301985561847687, -0.9439048171043396, -0.003546801395714283)	(-5.435930252075195, -15.51446533203125, 0.020053409039974213)	-15.291131744611452	0.029286115817410703	0	0	0.1901686370894673	0.1901686370894673	16.67930028365286	59	False	0	0	1.7879004727907866	0.0
19.62050091661513	(99.5016098022461, 59.50001525878906, -27.766281127929688)	(-0.338337242603302, -0.9410141706466675, -0.0044933403842151165)	(-5.568256378173828, -15.511225700378418, -0.03601855784654617)	-13.682208800506224	0.026314981147470728	0	0	0.18159097320322767	0.18159097320322767	16.72801226391964	59	False	0	0	1.776373005233166	0.0
19.722750922665	(98.91246032714844, 57.880165100097656, -27.766815185546875)	(-0.3460482954978943, -0.9382018446922302, -0.005282007157802582)	(-5.718509197235107, -15.551767349243164, -0.018595848232507706)	-12.225980575927741	0.02337768224342124	0	0	0.16881299053898147	0.16881299053898147	16.782382242699384	60	False	0	0	1.7606615904055898	0.0
19.82400092855096	(98.32355499267578, 56.29822540283203, -27.767263412475586)	(-0.35266783833503723, -0.9357296228408813, -0.005964751821011305)	(-5.850423336029053, -15.554317474365234, -0.020546192303299904)	-10.850979184491237	0.02077342003320132	0	0	0.1479792842605434	0.1479792842605434	16.82809399442941	60	False	0	0	1.7421821194268918	0.0
19.923000933602452	(97.75526428222656, 54.801658630371094, -27.767610549926758)	(-0.3582240641117096, -0.9336126446723938, -0.006547348108142614)	(-5.95648193359375, -15.54792594909668, 0.0035955056082457304)	-9.660845376005716	0.01851037084035209	0	0	0.14178971146954034	0.14178971146954034	16.870808498965207	60	False	0	0	1.7217612436105356	0.0
20.0205009393394	(97.16663360595703, 53.278106689453125, -27.76792335510254)	(-0.3633350431919098, -0.9316322803497314, -0.006998898461461067)	(-6.043710231781006, -15.539469718933105, 0.0020776509772986174)	-8.629146606783195	0.016456557449077393	0	0	0.055533483826552654	0.055533483826552654	16.827398751638572	60	False	0	0	1.7041326912750216	0.0
20.122000942006707	(96.5423583984375, 51.68736267089844, -27.769027709960938)	(-0.36822378635406494, -0.9296987056732178, -0.0084527051076293)	(-6.0749101638793945, -15.369250297546387, -0.017421063035726547)	-7.5807355700714965	0.014361703624386754	0	0	0	0	16.622239664024438	59	False	0	0	1.684608374814987	0.0
20.223750945180655	(95.9301986694336, 50.14876937866211, -27.770334243774414)	(-0.3726256489753723, -0.9279170036315918, -0.010959343053400517)	(-6.111926555633545, -15.236827850341797, 9.96999442577362e-05)	-6.477392222072262	0.012228988549432336	0.05877437425321128	0.05877437425321128	0	0	16.511456431751796	59	False	0	0	1.6652623007518388	0.0
20.32200094871223	(95.34078979492188, 48.68532943725586, -27.77168083190918)	(-0.37631291151046753, -0.9263922572135925, -0.013635571114718914)	(-6.007377624511719, -14.80577564239502, -0.0013503928203135729)	-5.43174823511251	0.010274112409221358	0.33690720896542076	0.33690720896542076	0	0	15.888087510187606	58	False	0	0	1.6498053907874852	0.0
20.425750954076648	(94.71678924560547, 47.150997161865234, -27.77437400817871)	(-0.37972521781921387, -0.9249255657196045, -0.017928222194314003)	(-5.773656845092773, -14.138123512268066, -0.01078848633915186)	-4.431406727848248	0.00834435273049576	0.3967503006585604	0.3967503006585604	0	0	15.019775886981755	55	False	0	0	1.6353875891857002	0.0
20.531750958412886	(94.11878204345703, 45.694854736328125, -27.775854110717773)	(-0.3823566138744354, -0.9237772226333618, -0.020952407270669937)	(-5.521836757659912, -13.408045768737793, -0.000841322704218328)	-3.762569235796761	0.007141669168826414	0.41020355885128773	0.41020355885128773	0	0	14.350497956447692	52	False	0	0	1.6213310702801422	0.0
20.638500962406397	(93.54071807861328, 44.29985046386719, -27.77650260925293)	(-0.38448667526245117, -0.9228615760803223, -0.022283164784312248)	(-5.275599956512451, -12.675056457519531, 0.014600078575313091)	-3.2277658144073573	0.006119656431374151	0.4078886720257868	0.4078886720257868	0	0	13.38607533076837	49	False	0	0	1.6130632994104446	0.0
20.74200096540153	(93.01455688476562, 43.03841781616211, -27.776622772216797)	(-0.38623082637786865, -0.9221251606941223, -0.02260322868824005)	(-5.006417274475098, -12.017844200134277, -0.021824151277542114)	-2.7482010140845063	0.005231828947429714	0.3616120292678713	0.3616120292678713	0	0	12.821768619472142	47	False	0	0	1.6053324742831516	0.0
20.850250970572233	(92.47661590576172, 41.75524139404297, -27.776456832885742)	(-0.38761818408966064, -0.9215415120124817, -0.022658992558717728)	(-4.76134729385376, -11.289067268371582, 0.013322415761649609)	-2.4178090718601433	0.004652583491195051	0.43315359923223457	0.43315359923223457	0	0	12.03552041775466	44	False	0	0	1.601053453777482	0.0
20.953250974416733	(92.00749969482422, 40.64113998413086, -27.77680015563965)	(-0.3885261118412018, -0.9211501479148865, -0.023018497973680496)	(-4.462396621704102, -10.550619125366211, 0.006955015007406473)	-2.302975034556547	0.004481384061961225	0.4293550239907626	0.4293550239907626	0	0	11.287542552718387	41	False	0	0	1.5982619792786104	0.0
21.05975097976625	(91.54967498779297, 39.55723190307617, -27.777252197265625)	(-0.3893508315086365, -0.9207977056503296, -0.02318349853157997)	(-4.16397762298584, -9.813400268554688, 0.00886790081858635)	-2.2254543969177263	0.004336188112184174	0.3962731177295569	0.3962731177295569	0	0	10.49519745600591	38	False	0	0	1.5989198549058106	0.0
21.16700098477304	(91.11824035644531, 38.5389404296875, -27.77691650390625)	(-0.3900691568851471, -0.920500636100769, -0.022907037287950516)	(-3.8686816692352295, -9.139742851257324, 0.0029344528447836637)	-2.1030942447377714	0.004084758496305682	0.3653263618561367	0.3653263618561367	0	0	9.794290622249664	36	False	0	0	1.5987795577026522	0.0
21.27425098977983	(90.71485137939453, 37.58940505981445, -27.776350021362305)	(-0.3908930718898773, -0.9201628565788269, -0.02242237702012062)	(-3.6235811710357666, -8.507193565368652, -0.006447881460189819)	-1.9346966150893483	0.0037373722389764503	0.34448753333998955	0.34448753333998955	0	0	9.122329595964363	33	False	0	0	1.603968831224471	0.0
