,Generation id,Number of archives,Average fog amount for whole generation,Name of the individual,Fog density of failure version,Fog density of successful version,Average fog density of individual,standard deviation
0,0,3,0.1298331221788693,ind10,0.18094321869875923,0.12094321869875922,0.15094321869875924,0.030000000000000006
1,0,3,0.1298331221788693,ind5,0.21844459520019233,0.12844459520019233,0.17344459520019234,0.045
2,0,3,0.1298331221788693,ind6,0.10261155263765626,0.027611552637656266,0.06511155263765626,0.03749999999999999
9,1,7,0.09868479150992124,ind6,0.10261155263765626,0.027611552637656266,0.06511155263765626,0.03749999999999999
7,1,7,0.09868479150992124,ind26,0.07862064563507273,0.0036206456350727388,0.041120645635072735,0.0375
6,1,7,0.09868479150992124,ind25,0.06720595560304873,0.022205955603048742,0.04470595560304874,0.022499999999999996
8,1,7,0.09868479150992124,ind5,0.21844459520019233,0.12844459520019233,0.17344459520019234,0.045
4,1,7,0.09868479150992124,ind19,0.1498542475310195,0.07485424753101949,0.1123542475310195,0.037500000000000006
3,1,7,0.09868479150992124,ind10,0.18094321869875923,0.12094321869875922,0.15094321869875924,0.030000000000000006
5,1,7,0.09868479150992124,ind20,0.14811332526369986,0.05811332526369985,0.10311332526369985,0.045000000000000005
124,2,9,0.10511917168279483,ind6,0.10261155263765626,0.027611552637656266,0.06511155263765626,0.03749999999999999
118,2,9,0.10511917168279483,ind26,0.07862064563507273,0.0036206456350727388,0.041120645635072735,0.0375
119,2,9,0.10511917168279483,ind30,0.14811332526369986,0.07311332526369985,0.11061332526369985,0.037500000000000006
120,2,9,0.10511917168279483,ind34,0.1717671802971158,0.09676718029711578,0.1342671802971158,0.037500000000000006
121,2,9,0.10511917168279483,ind36,0.16601182427858904,0.06101182427858905,0.11351182427858905,0.0525
122,2,9,0.10511917168279483,ind38,0.08220595560304875,0.05220595560304874,0.06720595560304875,0.015000000000000003
123,2,9,0.10511917168279483,ind41,0.17344459520019234,0.12844459520019233,0.15094459520019232,0.022500000000000006
117,2,9,0.10511917168279483,ind19,0.1498542475310195,0.07485424753101949,0.1123542475310195,0.037500000000000006
116,2,9,0.10511917168279483,ind10,0.18094321869875923,0.12094321869875922,0.15094321869875924,0.030000000000000006
243,3,9,0.1117858383494615,ind10,0.18094321869875923,0.12094321869875922,0.15094321869875924,0.030000000000000006
244,3,9,0.1117858383494615,ind19,0.1498542475310195,0.07485424753101949,0.1123542475310195,0.037500000000000006
245,3,9,0.1117858383494615,ind26,0.07862064563507273,0.0036206456350727388,0.041120645635072735,0.0375
246,3,9,0.1117858383494615,ind30,0.14811332526369986,0.07311332526369985,0.11061332526369985,0.037500000000000006
247,3,9,0.1117858383494615,ind38,0.08220595560304875,0.05220595560304874,0.06720595560304875,0.015000000000000003
248,3,9,0.1117858383494615,ind41,0.17344459520019234,0.12844459520019233,0.15094459520019232,0.022500000000000006
249,3,9,0.1117858383494615,ind48,0.18676718029711578,0.14176718029711577,0.1642671802971158,0.022500000000000006
250,3,9,0.1117858383494615,ind50,0.16601182427858904,0.12101182427858904,0.14351182427858905,0.0225
251,3,9,0.1117858383494615,ind6,0.10261155263765626,0.027611552637656266,0.06511155263765626,0.03749999999999999
363,4,9,0.1117858383494615,ind30,0.14811332526369986,0.07311332526369985,0.11061332526369985,0.037500000000000006
368,4,9,0.1117858383494615,ind6,0.10261155263765626,0.027611552637656266,0.06511155263765626,0.03749999999999999
367,4,9,0.1117858383494615,ind50,0.16601182427858904,0.12101182427858904,0.14351182427858905,0.0225
366,4,9,0.1117858383494615,ind48,0.18676718029711578,0.14176718029711577,0.1642671802971158,0.022500000000000006
365,4,9,0.1117858383494615,ind41,0.17344459520019234,0.12844459520019233,0.15094459520019232,0.022500000000000006
360,4,9,0.1117858383494615,ind10,0.18094321869875923,0.12094321869875922,0.15094321869875924,0.030000000000000006
362,4,9,0.1117858383494615,ind26,0.07862064563507273,0.0036206456350727388,0.041120645635072735,0.0375
361,4,9,0.1117858383494615,ind19,0.1498542475310195,0.07485424753101949,0.1123542475310195,0.037500000000000006
364,4,9,0.1117858383494615,ind38,0.08220595560304875,0.05220595560304874,0.06720595560304875,0.015000000000000003
376,5,9,0.1117858383494615,ind50,0.16601182427858904,0.12101182427858904,0.14351182427858905,0.0225
373,5,9,0.1117858383494615,ind38,0.08220595560304875,0.05220595560304874,0.06720595560304875,0.015000000000000003
375,5,9,0.1117858383494615,ind48,0.18676718029711578,0.14176718029711577,0.1642671802971158,0.022500000000000006
372,5,9,0.1117858383494615,ind30,0.14811332526369986,0.07311332526369985,0.11061332526369985,0.037500000000000006
374,5,9,0.1117858383494615,ind41,0.17344459520019234,0.12844459520019233,0.15094459520019232,0.022500000000000006
370,5,9,0.1117858383494615,ind19,0.1498542475310195,0.07485424753101949,0.1123542475310195,0.037500000000000006
369,5,9,0.1117858383494615,ind10,0.18094321869875923,0.12094321869875922,0.15094321869875924,0.030000000000000006
377,5,9,0.1117858383494615,ind6,0.10261155263765626,0.027611552637656266,0.06511155263765626,0.03749999999999999
371,5,9,0.1117858383494615,ind26,0.07862064563507273,0.0036206456350727388,0.041120645635072735,0.0375
378,6,10,0.11166718117161438,ind10,0.18094321869875923,0.12094321869875922,0.15094321869875924,0.030000000000000006
383,6,10,0.11166718117161438,ind30,0.14811332526369986,0.07311332526369985,0.11061332526369985,0.037500000000000006
380,6,10,0.11166718117161438,ind112,0.15101182427858906,0.12101182427858904,0.13601182427858904,0.015000000000000006
381,6,10,0.11166718117161438,ind19,0.1498542475310195,0.07485424753101949,0.1123542475310195,0.037500000000000006
382,6,10,0.11166718117161438,ind26,0.07862064563507273,0.0036206456350727388,0.041120645635072735,0.0375
379,6,10,0.11166718117161438,ind104,0.1855992665709903,0.050599266570990314,0.1180992665709903,0.06749999999999999
384,6,10,0.11166718117161438,ind38,0.08220595560304875,0.05220595560304874,0.06720595560304875,0.015000000000000003
385,6,10,0.11166718117161438,ind41,0.17344459520019234,0.12844459520019233,0.15094459520019232,0.022500000000000006
386,6,10,0.11166718117161438,ind48,0.18676718029711578,0.14176718029711577,0.1642671802971158,0.022500000000000006
387,6,10,0.11166718117161438,ind6,0.10261155263765626,0.027611552637656266,0.06511155263765626,0.03749999999999999
396,7,10,0.11016718117161439,ind41,0.17344459520019234,0.12844459520019233,0.15094459520019232,0.022500000000000006
395,7,10,0.11016718117161439,ind38,0.08220595560304875,0.05220595560304874,0.06720595560304875,0.015000000000000003
394,7,10,0.11016718117161439,ind30,0.14811332526369986,0.07311332526369985,0.11061332526369985,0.037500000000000006
393,7,10,0.11016718117161439,ind26,0.07862064563507273,0.0036206456350727388,0.041120645635072735,0.0375
392,7,10,0.11016718117161439,ind19,0.1498542475310195,0.07485424753101949,0.1123542475310195,0.037500000000000006
397,7,10,0.11016718117161439,ind6,0.10261155263765626,0.027611552637656266,0.06511155263765626,0.03749999999999999
390,7,10,0.11016718117161439,ind124,0.1855992665709903,0.11059926657099031,0.14809926657099032,0.03749999999999999
389,7,10,0.11016718117161439,ind112,0.15101182427858906,0.12101182427858904,0.13601182427858904,0.015000000000000006
388,7,10,0.11016718117161439,ind10,0.18094321869875923,0.12094321869875922,0.15094321869875924,0.030000000000000006
391,7,10,0.11016718117161439,ind127,0.12676718029711578,0.11176718029711578,0.11926718029711578,0.0075
405,8,10,0.10941718117161439,ind38,0.08220595560304875,0.05220595560304874,0.06720595560304875,0.015000000000000003
403,8,10,0.10941718117161439,ind26,0.07862064563507273,0.0036206456350727388,0.041120645635072735,0.0375
402,8,10,0.10941718117161439,ind19,0.1498542475310195,0.07485424753101949,0.1123542475310195,0.037500000000000006
401,8,10,0.10941718117161439,ind142,0.16594321869875922,0.12094321869875922,0.14344321869875923,0.0225
404,8,10,0.10941718117161439,ind30,0.14811332526369986,0.07311332526369985,0.11061332526369985,0.037500000000000006
399,8,10,0.10941718117161439,ind124,0.1855992665709903,0.11059926657099031,0.14809926657099032,0.03749999999999999
398,8,10,0.10941718117161439,ind112,0.15101182427858906,0.12101182427858904,0.13601182427858904,0.015000000000000006
407,8,10,0.10941718117161439,ind6,0.10261155263765626,0.027611552637656266,0.06511155263765626,0.03749999999999999
400,8,10,0.10941718117161439,ind127,0.12676718029711578,0.11176718029711578,0.11926718029711578,0.0075
406,8,10,0.10941718117161439,ind41,0.17344459520019234,0.12844459520019233,0.15094459520019232,0.022500000000000006
408,9,10,0.11466718117161438,ind112,0.15101182427858906,0.12101182427858904,0.13601182427858904,0.015000000000000006
416,9,10,0.11466718117161438,ind41,0.17344459520019234,0.12844459520019233,0.15094459520019232,0.022500000000000006
409,9,10,0.11466718117161438,ind124,0.1855992665709903,0.11059926657099031,0.14809926657099032,0.03749999999999999
410,9,10,0.11466718117161438,ind127,0.12676718029711578,0.11176718029711578,0.11926718029711578,0.0075
411,9,10,0.11466718117161438,ind142,0.16594321869875922,0.12094321869875922,0.14344321869875923,0.0225
412,9,10,0.11466718117161438,ind156,0.19311332526369984,0.13311332526369984,0.16311332526369984,0.03
413,9,10,0.11466718117161438,ind19,0.1498542475310195,0.07485424753101949,0.1123542475310195,0.037500000000000006
414,9,10,0.11466718117161438,ind26,0.07862064563507273,0.0036206456350727388,0.041120645635072735,0.0375
415,9,10,0.11466718117161438,ind38,0.08220595560304875,0.05220595560304874,0.06720595560304875,0.015000000000000003
417,9,10,0.11466718117161438,ind6,0.10261155263765626,0.027611552637656266,0.06511155263765626,0.03749999999999999
10,10,10,0.11466718117161438,ind112,0.15101182427858906,0.12101182427858904,0.13601182427858904,0.015000000000000006
11,10,10,0.11466718117161438,ind124,0.1855992665709903,0.11059926657099031,0.14809926657099032,0.03749999999999999
12,10,10,0.11466718117161438,ind127,0.12676718029711578,0.11176718029711578,0.11926718029711578,0.0075
13,10,10,0.11466718117161438,ind142,0.16594321869875922,0.12094321869875922,0.14344321869875923,0.0225
14,10,10,0.11466718117161438,ind156,0.19311332526369984,0.13311332526369984,0.16311332526369984,0.03
15,10,10,0.11466718117161438,ind19,0.1498542475310195,0.07485424753101949,0.1123542475310195,0.037500000000000006
16,10,10,0.11466718117161438,ind26,0.07862064563507273,0.0036206456350727388,0.041120645635072735,0.0375
17,10,10,0.11466718117161438,ind38,0.08220595560304875,0.05220595560304874,0.06720595560304875,0.015000000000000003
18,10,10,0.11466718117161438,ind41,0.17344459520019234,0.12844459520019233,0.15094459520019232,0.022500000000000006
19,10,10,0.11466718117161438,ind6,0.10261155263765626,0.027611552637656266,0.06511155263765626,0.03749999999999999
28,11,10,0.11391718117161438,ind41,0.17344459520019234,0.12844459520019233,0.15094459520019232,0.022500000000000006
29,11,10,0.11391718117161438,ind6,0.10261155263765626,0.027611552637656266,0.06511155263765626,0.03749999999999999
27,11,10,0.11391718117161438,ind38,0.08220595560304875,0.05220595560304874,0.06720595560304875,0.015000000000000003
26,11,10,0.11391718117161438,ind26,0.07862064563507273,0.0036206456350727388,0.041120645635072735,0.0375
25,11,10,0.11391718117161438,ind19,0.1498542475310195,0.07485424753101949,0.1123542475310195,0.037500000000000006
21,11,10,0.11391718117161438,ind127,0.12676718029711578,0.11176718029711578,0.11926718029711578,0.0075
23,11,10,0.11391718117161438,ind156,0.19311332526369984,0.13311332526369984,0.16311332526369984,0.03
22,11,10,0.11391718117161438,ind142,0.16594321869875922,0.12094321869875922,0.14344321869875923,0.0225
20,11,10,0.11391718117161438,ind124,0.1855992665709903,0.11059926657099031,0.14809926657099032,0.03749999999999999
24,11,10,0.11391718117161438,ind184,0.13601182427858904,0.12101182427858904,0.12851182427858904,0.0075
36,12,10,0.11391718117161438,ind26,0.07862064563507273,0.0036206456350727388,0.041120645635072735,0.0375
39,12,10,0.11391718117161438,ind6,0.10261155263765626,0.027611552637656266,0.06511155263765626,0.03749999999999999
38,12,10,0.11391718117161438,ind41,0.17344459520019234,0.12844459520019233,0.15094459520019232,0.022500000000000006
37,12,10,0.11391718117161438,ind38,0.08220595560304875,0.05220595560304874,0.06720595560304875,0.015000000000000003
34,12,10,0.11391718117161438,ind184,0.13601182427858904,0.12101182427858904,0.12851182427858904,0.0075
35,12,10,0.11391718117161438,ind19,0.1498542475310195,0.07485424753101949,0.1123542475310195,0.037500000000000006
32,12,10,0.11391718117161438,ind142,0.16594321869875922,0.12094321869875922,0.14344321869875923,0.0225
31,12,10,0.11391718117161438,ind127,0.12676718029711578,0.11176718029711578,0.11926718029711578,0.0075
30,12,10,0.11391718117161438,ind124,0.1855992665709903,0.11059926657099031,0.14809926657099032,0.03749999999999999
33,12,10,0.11391718117161438,ind156,0.19311332526369984,0.13311332526369984,0.16311332526369984,0.03
49,13,10,0.11391718117161438,ind6,0.10261155263765626,0.027611552637656266,0.06511155263765626,0.03749999999999999
42,13,10,0.11391718117161438,ind142,0.16594321869875922,0.12094321869875922,0.14344321869875923,0.0225
48,13,10,0.11391718117161438,ind41,0.17344459520019234,0.12844459520019233,0.15094459520019232,0.022500000000000006
47,13,10,0.11391718117161438,ind38,0.08220595560304875,0.05220595560304874,0.06720595560304875,0.015000000000000003
46,13,10,0.11391718117161438,ind26,0.07862064563507273,0.0036206456350727388,0.041120645635072735,0.0375
45,13,10,0.11391718117161438,ind19,0.1498542475310195,0.07485424753101949,0.1123542475310195,0.037500000000000006
44,13,10,0.11391718117161438,ind184,0.13601182427858904,0.12101182427858904,0.12851182427858904,0.0075
43,13,10,0.11391718117161438,ind156,0.19311332526369984,0.13311332526369984,0.16311332526369984,0.03
41,13,10,0.11391718117161438,ind127,0.12676718029711578,0.11176718029711578,0.11926718029711578,0.0075
40,13,10,0.11391718117161438,ind124,0.1855992665709903,0.11059926657099031,0.14809926657099032,0.03749999999999999
57,14,11,0.11448033129841238,ind26,0.07862064563507273,0.0036206456350727388,0.041120645635072735,0.0375
58,14,11,0.11448033129841238,ind38,0.08220595560304875,0.05220595560304874,0.06720595560304875,0.015000000000000003
59,14,11,0.11448033129841238,ind41,0.17344459520019234,0.12844459520019233,0.15094459520019232,0.022500000000000006
60,14,11,0.11448033129841238,ind6,0.10261155263765626,0.027611552637656266,0.06511155263765626,0.03749999999999999
54,14,11,0.11448033129841238,ind184,0.13601182427858904,0.12101182427858904,0.12851182427858904,0.0075
50,14,11,0.11448033129841238,ind124,0.1855992665709903,0.11059926657099031,0.14809926657099032,0.03749999999999999
51,14,11,0.11448033129841238,ind127,0.12676718029711578,0.11176718029711578,0.11926718029711578,0.0075
52,14,11,0.11448033129841238,ind142,0.16594321869875922,0.12094321869875922,0.14344321869875923,0.0225
53,14,11,0.11448033129841238,ind156,0.19311332526369984,0.13311332526369984,0.16311332526369984,0.03
56,14,11,0.11448033129841238,ind221,0.2101118325663924,0.03011183256639243,0.12011183256639242,0.08999999999999998
55,14,11,0.11448033129841238,ind19,0.1498542475310195,0.07485424753101949,0.1123542475310195,0.037500000000000006
61,15,11,0.1178894222075033,ind124,0.1855992665709903,0.11059926657099031,0.14809926657099032,0.03749999999999999
62,15,11,0.1178894222075033,ind127,0.12676718029711578,0.11176718029711578,0.11926718029711578,0.0075
63,15,11,0.1178894222075033,ind142,0.16594321869875922,0.12094321869875922,0.14344321869875923,0.0225
66,15,11,0.1178894222075033,ind19,0.1498542475310195,0.07485424753101949,0.1123542475310195,0.037500000000000006
68,15,11,0.1178894222075033,ind26,0.07862064563507273,0.0036206456350727388,0.041120645635072735,0.0375
69,15,11,0.1178894222075033,ind38,0.08220595560304875,0.05220595560304874,0.06720595560304875,0.015000000000000003
70,15,11,0.1178894222075033,ind41,0.17344459520019234,0.12844459520019233,0.15094459520019232,0.022500000000000006
71,15,11,0.1178894222075033,ind6,0.10261155263765626,0.027611552637656266,0.06511155263765626,0.03749999999999999
64,15,11,0.1178894222075033,ind156,0.19311332526369984,0.13311332526369984,0.16311332526369984,0.03
67,15,11,0.1178894222075033,ind238,0.2101118325663924,0.10511183256639242,0.1576118325663924,0.05249999999999999
65,15,11,0.1178894222075033,ind184,0.13601182427858904,0.12101182427858904,0.12851182427858904,0.0075
72,16,11,0.12129851311659419,ind124,0.1855992665709903,0.11059926657099031,0.14809926657099032,0.03749999999999999
73,16,11,0.12129851311659419,ind127,0.12676718029711578,0.11176718029711578,0.11926718029711578,0.0075
78,16,11,0.12129851311659419,ind259,0.2101118325663924,0.1801118325663924,0.19511183256639242,0.015
76,16,11,0.12129851311659419,ind184,0.13601182427858904,0.12101182427858904,0.12851182427858904,0.0075
77,16,11,0.12129851311659419,ind19,0.1498542475310195,0.07485424753101949,0.1123542475310195,0.037500000000000006
74,16,11,0.12129851311659419,ind142,0.16594321869875922,0.12094321869875922,0.14344321869875923,0.0225
79,16,11,0.12129851311659419,ind26,0.07862064563507273,0.0036206456350727388,0.041120645635072735,0.0375
80,16,11,0.12129851311659419,ind38,0.08220595560304875,0.05220595560304874,0.06720595560304875,0.015000000000000003
81,16,11,0.12129851311659419,ind41,0.17344459520019234,0.12844459520019233,0.15094459520019232,0.022500000000000006
82,16,11,0.12129851311659419,ind6,0.10261155263765626,0.027611552637656266,0.06511155263765626,0.03749999999999999
75,16,11,0.12129851311659419,ind156,0.19311332526369984,0.13311332526369984,0.16311332526369984,0.03
85,17,11,0.12129851311659419,ind142,0.16594321869875922,0.12094321869875922,0.14344321869875923,0.0225
86,17,11,0.12129851311659419,ind156,0.19311332526369984,0.13311332526369984,0.16311332526369984,0.03
93,17,11,0.12129851311659419,ind6,0.10261155263765626,0.027611552637656266,0.06511155263765626,0.03749999999999999
84,17,11,0.12129851311659419,ind127,0.12676718029711578,0.11176718029711578,0.11926718029711578,0.0075
87,17,11,0.12129851311659419,ind184,0.13601182427858904,0.12101182427858904,0.12851182427858904,0.0075
88,17,11,0.12129851311659419,ind19,0.1498542475310195,0.07485424753101949,0.1123542475310195,0.037500000000000006
89,17,11,0.12129851311659419,ind259,0.2101118325663924,0.1801118325663924,0.19511183256639242,0.015
90,17,11,0.12129851311659419,ind26,0.07862064563507273,0.0036206456350727388,0.041120645635072735,0.0375
91,17,11,0.12129851311659419,ind38,0.08220595560304875,0.05220595560304874,0.06720595560304875,0.015000000000000003
92,17,11,0.12129851311659419,ind41,0.17344459520019234,0.12844459520019233,0.15094459520019232,0.022500000000000006
83,17,11,0.12129851311659419,ind124,0.1855992665709903,0.11059926657099031,0.14809926657099032,0.03749999999999999
96,18,11,0.120616694934776,ind142,0.16594321869875922,0.12094321869875922,0.14344321869875923,0.0225
95,18,11,0.120616694934776,ind127,0.12676718029711578,0.11176718029711578,0.11926718029711578,0.0075
97,18,11,0.120616694934776,ind156,0.19311332526369984,0.13311332526369984,0.16311332526369984,0.03
98,18,11,0.120616694934776,ind184,0.13601182427858904,0.12101182427858904,0.12851182427858904,0.0075
99,18,11,0.120616694934776,ind19,0.1498542475310195,0.07485424753101949,0.1123542475310195,0.037500000000000006
100,18,11,0.120616694934776,ind259,0.2101118325663924,0.1801118325663924,0.19511183256639242,0.015
101,18,11,0.120616694934776,ind314,0.06362064563507273,0.0036206456350727388,0.033620645635072735,0.03
102,18,11,0.120616694934776,ind38,0.08220595560304875,0.05220595560304874,0.06720595560304875,0.015000000000000003
94,18,11,0.120616694934776,ind124,0.1855992665709903,0.11059926657099031,0.14809926657099032,0.03749999999999999
103,18,11,0.120616694934776,ind41,0.17344459520019234,0.12844459520019233,0.15094459520019232,0.022500000000000006
104,18,11,0.120616694934776,ind6,0.10261155263765626,0.027611552637656266,0.06511155263765626,0.03749999999999999
109,19,11,0.120616694934776,ind184,0.13601182427858904,0.12101182427858904,0.12851182427858904,0.0075
105,19,11,0.120616694934776,ind124,0.1855992665709903,0.11059926657099031,0.14809926657099032,0.03749999999999999
106,19,11,0.120616694934776,ind127,0.12676718029711578,0.11176718029711578,0.11926718029711578,0.0075
107,19,11,0.120616694934776,ind142,0.16594321869875922,0.12094321869875922,0.14344321869875923,0.0225
108,19,11,0.120616694934776,ind156,0.19311332526369984,0.13311332526369984,0.16311332526369984,0.03
110,19,11,0.120616694934776,ind19,0.1498542475310195,0.07485424753101949,0.1123542475310195,0.037500000000000006
111,19,11,0.120616694934776,ind259,0.2101118325663924,0.1801118325663924,0.19511183256639242,0.015
112,19,11,0.120616694934776,ind314,0.06362064563507273,0.0036206456350727388,0.033620645635072735,0.03
113,19,11,0.120616694934776,ind38,0.08220595560304875,0.05220595560304874,0.06720595560304875,0.015000000000000003
114,19,11,0.120616694934776,ind41,0.17344459520019234,0.12844459520019233,0.15094459520019232,0.022500000000000006
115,19,11,0.120616694934776,ind6,0.10261155263765626,0.027611552637656266,0.06511155263765626,0.03749999999999999
135,20,11,0.120616694934776,ind6,0.10261155263765626,0.027611552637656266,0.06511155263765626,0.03749999999999999
134,20,11,0.120616694934776,ind41,0.17344459520019234,0.12844459520019233,0.15094459520019232,0.022500000000000006
130,20,11,0.120616694934776,ind19,0.1498542475310195,0.07485424753101949,0.1123542475310195,0.037500000000000006
133,20,11,0.120616694934776,ind38,0.08220595560304875,0.05220595560304874,0.06720595560304875,0.015000000000000003
129,20,11,0.120616694934776,ind184,0.13601182427858904,0.12101182427858904,0.12851182427858904,0.0075
125,20,11,0.120616694934776,ind124,0.1855992665709903,0.11059926657099031,0.14809926657099032,0.03749999999999999
132,20,11,0.120616694934776,ind314,0.06362064563507273,0.0036206456350727388,0.033620645635072735,0.03
128,20,11,0.120616694934776,ind156,0.19311332526369984,0.13311332526369984,0.16311332526369984,0.03
126,20,11,0.120616694934776,ind127,0.12676718029711578,0.11176718029711578,0.11926718029711578,0.0075
127,20,11,0.120616694934776,ind142,0.16594321869875922,0.12094321869875922,0.14344321869875923,0.0225
131,20,11,0.120616694934776,ind259,0.2101118325663924,0.1801118325663924,0.19511183256639242,0.015
139,21,11,0.120616694934776,ind156,0.19311332526369984,0.13311332526369984,0.16311332526369984,0.03
146,21,11,0.120616694934776,ind6,0.10261155263765626,0.027611552637656266,0.06511155263765626,0.03749999999999999
145,21,11,0.120616694934776,ind41,0.17344459520019234,0.12844459520019233,0.15094459520019232,0.022500000000000006
144,21,11,0.120616694934776,ind38,0.08220595560304875,0.05220595560304874,0.06720595560304875,0.015000000000000003
143,21,11,0.120616694934776,ind314,0.06362064563507273,0.0036206456350727388,0.033620645635072735,0.03
142,21,11,0.120616694934776,ind259,0.2101118325663924,0.1801118325663924,0.19511183256639242,0.015
141,21,11,0.120616694934776,ind19,0.1498542475310195,0.07485424753101949,0.1123542475310195,0.037500000000000006
140,21,11,0.120616694934776,ind184,0.13601182427858904,0.12101182427858904,0.12851182427858904,0.0075
138,21,11,0.120616694934776,ind142,0.16594321869875922,0.12094321869875922,0.14344321869875923,0.0225
137,21,11,0.120616694934776,ind127,0.12676718029711578,0.11176718029711578,0.11926718029711578,0.0075
136,21,11,0.120616694934776,ind124,0.1855992665709903,0.11059926657099031,0.14809926657099032,0.03749999999999999
150,22,12,0.13021051301518713,ind156,0.19311332526369984,0.13311332526369984,0.16311332526369984,0.03
151,22,12,0.13021051301518713,ind184,0.13601182427858904,0.12101182427858904,0.12851182427858904,0.0075
152,22,12,0.13021051301518713,ind19,0.1498542475310195,0.07485424753101949,0.1123542475310195,0.037500000000000006
153,22,12,0.13021051301518713,ind259,0.2101118325663924,0.1801118325663924,0.19511183256639242,0.015
149,22,12,0.13021051301518713,ind142,0.16594321869875922,0.12094321869875922,0.14344321869875923,0.0225
154,22,12,0.13021051301518713,ind314,0.06362064563507273,0.0036206456350727388,0.033620645635072735,0.03
155,22,12,0.13021051301518713,ind365,0.3332425118997095,0.1382425118997095,0.23574251189970952,0.09749999999999999
156,22,12,0.13021051301518713,ind38,0.08220595560304875,0.05220595560304874,0.06720595560304875,0.015000000000000003
157,22,12,0.13021051301518713,ind41,0.17344459520019234,0.12844459520019233,0.15094459520019232,0.022500000000000006
147,22,12,0.13021051301518713,ind124,0.1855992665709903,0.11059926657099031,0.14809926657099032,0.03749999999999999
148,22,12,0.13021051301518713,ind127,0.12676718029711578,0.11176718029711578,0.11926718029711578,0.0075
158,22,12,0.13021051301518713,ind6,0.10261155263765626,0.027611552637656266,0.06511155263765626,0.03749999999999999
161,23,12,0.13021051301518713,ind142,0.16594321869875922,0.12094321869875922,0.14344321869875923,0.0225
160,23,12,0.13021051301518713,ind127,0.12676718029711578,0.11176718029711578,0.11926718029711578,0.0075
170,23,12,0.13021051301518713,ind6,0.10261155263765626,0.027611552637656266,0.06511155263765626,0.03749999999999999
169,23,12,0.13021051301518713,ind41,0.17344459520019234,0.12844459520019233,0.15094459520019232,0.022500000000000006
168,23,12,0.13021051301518713,ind38,0.08220595560304875,0.05220595560304874,0.06720595560304875,0.015000000000000003
167,23,12,0.13021051301518713,ind365,0.3332425118997095,0.1382425118997095,0.23574251189970952,0.09749999999999999
159,23,12,0.13021051301518713,ind124,0.1855992665709903,0.11059926657099031,0.14809926657099032,0.03749999999999999
165,23,12,0.13021051301518713,ind259,0.2101118325663924,0.1801118325663924,0.19511183256639242,0.015
164,23,12,0.13021051301518713,ind19,0.1498542475310195,0.07485424753101949,0.1123542475310195,0.037500000000000006
163,23,12,0.13021051301518713,ind184,0.13601182427858904,0.12101182427858904,0.12851182427858904,0.0075
162,23,12,0.13021051301518713,ind156,0.19311332526369984,0.13311332526369984,0.16311332526369984,0.03
166,23,12,0.13021051301518713,ind314,0.06362064563507273,0.0036206456350727388,0.033620645635072735,0.03
181,24,12,0.13021051301518713,ind41,0.17344459520019234,0.12844459520019233,0.15094459520019232,0.022500000000000006
180,24,12,0.13021051301518713,ind406,0.1509432186987592,0.12094321869875922,0.13594321869875922,0.014999999999999993
179,24,12,0.13021051301518713,ind400,0.3332425118997095,0.1532425118997095,0.2432425118997095,0.09
178,24,12,0.13021051301518713,ind38,0.08220595560304875,0.05220595560304874,0.06720595560304875,0.015000000000000003
177,24,12,0.13021051301518713,ind314,0.06362064563507273,0.0036206456350727388,0.033620645635072735,0.03
175,24,12,0.13021051301518713,ind19,0.1498542475310195,0.07485424753101949,0.1123542475310195,0.037500000000000006
174,24,12,0.13021051301518713,ind184,0.13601182427858904,0.12101182427858904,0.12851182427858904,0.0075
173,24,12,0.13021051301518713,ind156,0.19311332526369984,0.13311332526369984,0.16311332526369984,0.03
182,24,12,0.13021051301518713,ind6,0.10261155263765626,0.027611552637656266,0.06511155263765626,0.03749999999999999
171,24,12,0.13021051301518713,ind124,0.1855992665709903,0.11059926657099031,0.14809926657099032,0.03749999999999999
176,24,12,0.13021051301518713,ind259,0.2101118325663924,0.1801118325663924,0.19511183256639242,0.015
172,24,12,0.13021051301518713,ind127,0.12676718029711578,0.11176718029711578,0.11926718029711578,0.0075
183,25,12,0.12958551301518714,ind124,0.1855992665709903,0.11059926657099031,0.14809926657099032,0.03749999999999999
185,25,12,0.12958551301518714,ind156,0.19311332526369984,0.13311332526369984,0.16311332526369984,0.03
186,25,12,0.12958551301518714,ind184,0.13601182427858904,0.12101182427858904,0.12851182427858904,0.0075
187,25,12,0.12958551301518714,ind19,0.1498542475310195,0.07485424753101949,0.1123542475310195,0.037500000000000006
188,25,12,0.12958551301518714,ind259,0.2101118325663924,0.1801118325663924,0.19511183256639242,0.015
189,25,12,0.12958551301518714,ind38,0.08220595560304875,0.05220595560304874,0.06720595560304875,0.015000000000000003
190,25,12,0.12958551301518714,ind400,0.3332425118997095,0.1532425118997095,0.2432425118997095,0.09
191,25,12,0.12958551301518714,ind406,0.1509432186987592,0.12094321869875922,0.13594321869875922,0.014999999999999993
192,25,12,0.12958551301518714,ind41,0.17344459520019234,0.12844459520019233,0.15094459520019232,0.022500000000000006
193,25,12,0.12958551301518714,ind434,0.048620645635072735,0.0036206456350727388,0.026120645635072735,0.022499999999999996
194,25,12,0.12958551301518714,ind6,0.10261155263765626,0.027611552637656266,0.06511155263765626,0.03749999999999999
184,25,12,0.12958551301518714,ind127,0.12676718029711578,0.11176718029711578,0.11926718029711578,0.0075
205,26,12,0.13271051301518713,ind449,0.11220595560304875,0.09720595560304873,0.10470595560304874,0.007500000000000007
204,26,12,0.13271051301518713,ind434,0.048620645635072735,0.0036206456350727388,0.026120645635072735,0.022499999999999996
203,26,12,0.13271051301518713,ind41,0.17344459520019234,0.12844459520019233,0.15094459520019232,0.022500000000000006
202,26,12,0.13271051301518713,ind406,0.1509432186987592,0.12094321869875922,0.13594321869875922,0.014999999999999993
201,26,12,0.13271051301518713,ind400,0.3332425118997095,0.1532425118997095,0.2432425118997095,0.09
196,26,12,0.13271051301518713,ind127,0.12676718029711578,0.11176718029711578,0.11926718029711578,0.0075
199,26,12,0.13271051301518713,ind19,0.1498542475310195,0.07485424753101949,0.1123542475310195,0.037500000000000006
198,26,12,0.13271051301518713,ind184,0.13601182427858904,0.12101182427858904,0.12851182427858904,0.0075
197,26,12,0.13271051301518713,ind156,0.19311332526369984,0.13311332526369984,0.16311332526369984,0.03
195,26,12,0.13271051301518713,ind124,0.1855992665709903,0.11059926657099031,0.14809926657099032,0.03749999999999999
200,26,12,0.13271051301518713,ind259,0.2101118325663924,0.1801118325663924,0.19511183256639242,0.015
206,26,12,0.13271051301518713,ind6,0.10261155263765626,0.027611552637656266,0.06511155263765626,0.03749999999999999
208,27,12,0.13208551301518714,ind127,0.12676718029711578,0.11176718029711578,0.11926718029711578,0.0075
215,27,12,0.13208551301518714,ind434,0.048620645635072735,0.0036206456350727388,0.026120645635072735,0.022499999999999996
213,27,12,0.13208551301518714,ind400,0.3332425118997095,0.1532425118997095,0.2432425118997095,0.09
212,27,12,0.13208551301518714,ind259,0.2101118325663924,0.1801118325663924,0.19511183256639242,0.015
211,27,12,0.13208551301518714,ind19,0.1498542475310195,0.07485424753101949,0.1123542475310195,0.037500000000000006
210,27,12,0.13208551301518714,ind184,0.13601182427858904,0.12101182427858904,0.12851182427858904,0.0075
209,27,12,0.13208551301518714,ind156,0.19311332526369984,0.13311332526369984,0.16311332526369984,0.03
216,27,12,0.13208551301518714,ind449,0.11220595560304875,0.09720595560304873,0.10470595560304874,0.007500000000000007
207,27,12,0.13208551301518714,ind124,0.1855992665709903,0.11059926657099031,0.14809926657099032,0.03749999999999999
217,27,12,0.13208551301518714,ind485,0.15844459520019233,0.12844459520019233,0.14344459520019232,0.015
218,27,12,0.13208551301518714,ind6,0.10261155263765626,0.027611552637656266,0.06511155263765626,0.03749999999999999
214,27,12,0.13208551301518714,ind406,0.1509432186987592,0.12094321869875922,0.13594321869875922,0.014999999999999993
229,28,12,0.13208551301518714,ind485,0.15844459520019233,0.12844459520019233,0.14344459520019232,0.015
222,28,12,0.13208551301518714,ind184,0.13601182427858904,0.12101182427858904,0.12851182427858904,0.0075
223,28,12,0.13208551301518714,ind19,0.1498542475310195,0.07485424753101949,0.1123542475310195,0.037500000000000006
224,28,12,0.13208551301518714,ind259,0.2101118325663924,0.1801118325663924,0.19511183256639242,0.015
225,28,12,0.13208551301518714,ind400,0.3332425118997095,0.1532425118997095,0.2432425118997095,0.09
226,28,12,0.13208551301518714,ind406,0.1509432186987592,0.12094321869875922,0.13594321869875922,0.014999999999999993
227,28,12,0.13208551301518714,ind434,0.048620645635072735,0.0036206456350727388,0.026120645635072735,0.022499999999999996
228,28,12,0.13208551301518714,ind449,0.11220595560304875,0.09720595560304873,0.10470595560304874,0.007500000000000007
230,28,12,0.13208551301518714,ind6,0.10261155263765626,0.027611552637656266,0.06511155263765626,0.03749999999999999
220,28,12,0.13208551301518714,ind127,0.12676718029711578,0.11176718029711578,0.11926718029711578,0.0075
219,28,12,0.13208551301518714,ind124,0.1855992665709903,0.11059926657099031,0.14809926657099032,0.03749999999999999
221,28,12,0.13208551301518714,ind156,0.19311332526369984,0.13311332526369984,0.16311332526369984,0.03
232,29,12,0.13208551301518714,ind127,0.12676718029711578,0.11176718029711578,0.11926718029711578,0.0075
242,29,12,0.13208551301518714,ind6,0.10261155263765626,0.027611552637656266,0.06511155263765626,0.03749999999999999
241,29,12,0.13208551301518714,ind485,0.15844459520019233,0.12844459520019233,0.14344459520019232,0.015
240,29,12,0.13208551301518714,ind449,0.11220595560304875,0.09720595560304873,0.10470595560304874,0.007500000000000007
239,29,12,0.13208551301518714,ind434,0.048620645635072735,0.0036206456350727388,0.026120645635072735,0.022499999999999996
238,29,12,0.13208551301518714,ind406,0.1509432186987592,0.12094321869875922,0.13594321869875922,0.014999999999999993
237,29,12,0.13208551301518714,ind400,0.3332425118997095,0.1532425118997095,0.2432425118997095,0.09
236,29,12,0.13208551301518714,ind259,0.2101118325663924,0.1801118325663924,0.19511183256639242,0.015
235,29,12,0.13208551301518714,ind19,0.1498542475310195,0.07485424753101949,0.1123542475310195,0.037500000000000006
234,29,12,0.13208551301518714,ind184,0.13601182427858904,0.12101182427858904,0.12851182427858904,0.0075
231,29,12,0.13208551301518714,ind124,0.1855992665709903,0.11059926657099031,0.14809926657099032,0.03749999999999999
233,29,12,0.13208551301518714,ind156,0.19311332526369984,0.13311332526369984,0.16311332526369984,0.03
255,30,12,0.13458551301518715,ind259,0.2101118325663924,0.1801118325663924,0.19511183256639242,0.015
254,30,12,0.13458551301518715,ind184,0.13601182427858904,0.12101182427858904,0.12851182427858904,0.0075
253,30,12,0.13458551301518715,ind127,0.12676718029711578,0.11176718029711578,0.11926718029711578,0.0075
252,30,12,0.13458551301518715,ind124,0.1855992665709903,0.11059926657099031,0.14809926657099032,0.03749999999999999
260,30,12,0.13458551301518715,ind485,0.15844459520019233,0.12844459520019233,0.14344459520019232,0.015
258,30,12,0.13458551301518715,ind434,0.048620645635072735,0.0036206456350727388,0.026120645635072735,0.022499999999999996
256,30,12,0.13458551301518715,ind400,0.3332425118997095,0.1532425118997095,0.2432425118997095,0.09
263,30,12,0.13458551301518715,ind6,0.10261155263765626,0.027611552637656266,0.06511155263765626,0.03749999999999999
262,30,12,0.13458551301518715,ind552,0.16311332526369984,0.13311332526369984,0.14811332526369986,0.015
261,30,12,0.13458551301518715,ind549,0.1948542475310195,0.11985424753101949,0.15735424753101948,0.0375
259,30,12,0.13458551301518715,ind449,0.11220595560304875,0.09720595560304873,0.10470595560304874,0.007500000000000007
257,30,12,0.13458551301518715,ind406,0.1509432186987592,0.12094321869875922,0.13594321869875922,0.014999999999999993
271,31,12,0.13458551301518715,ind449,0.11220595560304875,0.09720595560304873,0.10470595560304874,0.007500000000000007
270,31,12,0.13458551301518715,ind434,0.048620645635072735,0.0036206456350727388,0.026120645635072735,0.022499999999999996
269,31,12,0.13458551301518715,ind406,0.1509432186987592,0.12094321869875922,0.13594321869875922,0.014999999999999993
268,31,12,0.13458551301518715,ind400,0.3332425118997095,0.1532425118997095,0.2432425118997095,0.09
267,31,12,0.13458551301518715,ind259,0.2101118325663924,0.1801118325663924,0.19511183256639242,0.015
266,31,12,0.13458551301518715,ind184,0.13601182427858904,0.12101182427858904,0.12851182427858904,0.0075
265,31,12,0.13458551301518715,ind127,0.12676718029711578,0.11176718029711578,0.11926718029711578,0.0075
264,31,12,0.13458551301518715,ind124,0.1855992665709903,0.11059926657099031,0.14809926657099032,0.03749999999999999
275,31,12,0.13458551301518715,ind6,0.10261155263765626,0.027611552637656266,0.06511155263765626,0.03749999999999999
273,31,12,0.13458551301518715,ind549,0.1948542475310195,0.11985424753101949,0.15735424753101948,0.0375
272,31,12,0.13458551301518715,ind485,0.15844459520019233,0.12844459520019233,0.14344459520019232,0.015
274,31,12,0.13458551301518715,ind552,0.16311332526369984,0.13311332526369984,0.14811332526369986,0.015
287,32,12,0.13458551301518715,ind6,0.10261155263765626,0.027611552637656266,0.06511155263765626,0.03749999999999999
286,32,12,0.13458551301518715,ind552,0.16311332526369984,0.13311332526369984,0.14811332526369986,0.015
285,32,12,0.13458551301518715,ind549,0.1948542475310195,0.11985424753101949,0.15735424753101948,0.0375
284,32,12,0.13458551301518715,ind485,0.15844459520019233,0.12844459520019233,0.14344459520019232,0.015
283,32,12,0.13458551301518715,ind449,0.11220595560304875,0.09720595560304873,0.10470595560304874,0.007500000000000007
282,32,12,0.13458551301518715,ind434,0.048620645635072735,0.0036206456350727388,0.026120645635072735,0.022499999999999996
281,32,12,0.13458551301518715,ind406,0.1509432186987592,0.12094321869875922,0.13594321869875922,0.014999999999999993
280,32,12,0.13458551301518715,ind400,0.3332425118997095,0.1532425118997095,0.2432425118997095,0.09
279,32,12,0.13458551301518715,ind259,0.2101118325663924,0.1801118325663924,0.19511183256639242,0.015
278,32,12,0.13458551301518715,ind184,0.13601182427858904,0.12101182427858904,0.12851182427858904,0.0075
277,32,12,0.13458551301518715,ind127,0.12676718029711578,0.11176718029711578,0.11926718029711578,0.0075
276,32,12,0.13458551301518715,ind124,0.1855992665709903,0.11059926657099031,0.14809926657099032,0.03749999999999999
289,33,12,0.13458551301518715,ind127,0.12676718029711578,0.11176718029711578,0.11926718029711578,0.0075
296,33,12,0.13458551301518715,ind485,0.15844459520019233,0.12844459520019233,0.14344459520019232,0.015
288,33,12,0.13458551301518715,ind124,0.1855992665709903,0.11059926657099031,0.14809926657099032,0.03749999999999999
290,33,12,0.13458551301518715,ind184,0.13601182427858904,0.12101182427858904,0.12851182427858904,0.0075
291,33,12,0.13458551301518715,ind259,0.2101118325663924,0.1801118325663924,0.19511183256639242,0.015
292,33,12,0.13458551301518715,ind400,0.3332425118997095,0.1532425118997095,0.2432425118997095,0.09
293,33,12,0.13458551301518715,ind406,0.1509432186987592,0.12094321869875922,0.13594321869875922,0.014999999999999993
294,33,12,0.13458551301518715,ind434,0.048620645635072735,0.0036206456350727388,0.026120645635072735,0.022499999999999996
295,33,12,0.13458551301518715,ind449,0.11220595560304875,0.09720595560304873,0.10470595560304874,0.007500000000000007
297,33,12,0.13458551301518715,ind549,0.1948542475310195,0.11985424753101949,0.15735424753101948,0.0375
298,33,12,0.13458551301518715,ind552,0.16311332526369984,0.13311332526369984,0.14811332526369986,0.015
299,33,12,0.13458551301518715,ind6,0.10261155263765626,0.027611552637656266,0.06511155263765626,0.03749999999999999
307,34,12,0.13458551301518715,ind449,0.11220595560304875,0.09720595560304873,0.10470595560304874,0.007500000000000007
308,34,12,0.13458551301518715,ind485,0.15844459520019233,0.12844459520019233,0.14344459520019232,0.015
311,34,12,0.13458551301518715,ind6,0.10261155263765626,0.027611552637656266,0.06511155263765626,0.03749999999999999
306,34,12,0.13458551301518715,ind434,0.048620645635072735,0.0036206456350727388,0.026120645635072735,0.022499999999999996
309,34,12,0.13458551301518715,ind549,0.1948542475310195,0.11985424753101949,0.15735424753101948,0.0375
305,34,12,0.13458551301518715,ind406,0.1509432186987592,0.12094321869875922,0.13594321869875922,0.014999999999999993
304,34,12,0.13458551301518715,ind400,0.3332425118997095,0.1532425118997095,0.2432425118997095,0.09
303,34,12,0.13458551301518715,ind259,0.2101118325663924,0.1801118325663924,0.19511183256639242,0.015
302,34,12,0.13458551301518715,ind184,0.13601182427858904,0.12101182427858904,0.12851182427858904,0.0075
301,34,12,0.13458551301518715,ind127,0.12676718029711578,0.11176718029711578,0.11926718029711578,0.0075
300,34,12,0.13458551301518715,ind124,0.1855992665709903,0.11059926657099031,0.14809926657099032,0.03749999999999999
310,34,12,0.13458551301518715,ind552,0.16311332526369984,0.13311332526369984,0.14811332526369986,0.015
313,35,12,0.13396051301518713,ind127,0.12676718029711578,0.11176718029711578,0.11926718029711578,0.0075
314,35,12,0.13396051301518713,ind184,0.13601182427858904,0.12101182427858904,0.12851182427858904,0.0075
315,35,12,0.13396051301518713,ind259,0.2101118325663924,0.1801118325663924,0.19511183256639242,0.015
316,35,12,0.13396051301518713,ind400,0.3332425118997095,0.1532425118997095,0.2432425118997095,0.09
317,35,12,0.13396051301518713,ind406,0.1509432186987592,0.12094321869875922,0.13594321869875922,0.014999999999999993
318,35,12,0.13396051301518713,ind434,0.048620645635072735,0.0036206456350727388,0.026120645635072735,0.022499999999999996
319,35,12,0.13396051301518713,ind449,0.11220595560304875,0.09720595560304873,0.10470595560304874,0.007500000000000007
320,35,12,0.13396051301518713,ind485,0.15844459520019233,0.12844459520019233,0.14344459520019232,0.015
321,35,12,0.13396051301518713,ind552,0.16311332526369984,0.13311332526369984,0.14811332526369986,0.015
323,35,12,0.13396051301518713,ind669,0.17985424753101947,0.11985424753101949,0.14985424753101947,0.029999999999999992
322,35,12,0.13396051301518713,ind6,0.10261155263765626,0.027611552637656266,0.06511155263765626,0.03749999999999999
312,35,12,0.13396051301518713,ind124,0.1855992665709903,0.11059926657099031,0.14809926657099032,0.03749999999999999
325,36,12,0.13396051301518713,ind127,0.12676718029711578,0.11176718029711578,0.11926718029711578,0.0075
326,36,12,0.13396051301518713,ind184,0.13601182427858904,0.12101182427858904,0.12851182427858904,0.0075
327,36,12,0.13396051301518713,ind259,0.2101118325663924,0.1801118325663924,0.19511183256639242,0.015
328,36,12,0.13396051301518713,ind400,0.3332425118997095,0.1532425118997095,0.2432425118997095,0.09
329,36,12,0.13396051301518713,ind406,0.1509432186987592,0.12094321869875922,0.13594321869875922,0.014999999999999993
330,36,12,0.13396051301518713,ind434,0.048620645635072735,0.0036206456350727388,0.026120645635072735,0.022499999999999996
331,36,12,0.13396051301518713,ind449,0.11220595560304875,0.09720595560304873,0.10470595560304874,0.007500000000000007
332,36,12,0.13396051301518713,ind485,0.15844459520019233,0.12844459520019233,0.14344459520019232,0.015
333,36,12,0.13396051301518713,ind552,0.16311332526369984,0.13311332526369984,0.14811332526369986,0.015
335,36,12,0.13396051301518713,ind669,0.17985424753101947,0.11985424753101949,0.14985424753101947,0.029999999999999992
324,36,12,0.13396051301518713,ind124,0.1855992665709903,0.11059926657099031,0.14809926657099032,0.03749999999999999
334,36,12,0.13396051301518713,ind6,0.10261155263765626,0.027611552637656266,0.06511155263765626,0.03749999999999999
347,37,12,0.13396051301518713,ind669,0.17985424753101947,0.11985424753101949,0.14985424753101947,0.029999999999999992
336,37,12,0.13396051301518713,ind124,0.1855992665709903,0.11059926657099031,0.14809926657099032,0.03749999999999999
345,37,12,0.13396051301518713,ind552,0.16311332526369984,0.13311332526369984,0.14811332526369986,0.015
344,37,12,0.13396051301518713,ind485,0.15844459520019233,0.12844459520019233,0.14344459520019232,0.015
343,37,12,0.13396051301518713,ind449,0.11220595560304875,0.09720595560304873,0.10470595560304874,0.007500000000000007
342,37,12,0.13396051301518713,ind434,0.048620645635072735,0.0036206456350727388,0.026120645635072735,0.022499999999999996
346,37,12,0.13396051301518713,ind6,0.10261155263765626,0.027611552637656266,0.06511155263765626,0.03749999999999999
340,37,12,0.13396051301518713,ind400,0.3332425118997095,0.1532425118997095,0.2432425118997095,0.09
339,37,12,0.13396051301518713,ind259,0.2101118325663924,0.1801118325663924,0.19511183256639242,0.015
338,37,12,0.13396051301518713,ind184,0.13601182427858904,0.12101182427858904,0.12851182427858904,0.0075
337,37,12,0.13396051301518713,ind127,0.12676718029711578,0.11176718029711578,0.11926718029711578,0.0075
341,37,12,0.13396051301518713,ind406,0.1509432186987592,0.12094321869875922,0.13594321869875922,0.014999999999999993
348,38,12,0.13396051301518713,ind124,0.1855992665709903,0.11059926657099031,0.14809926657099032,0.03749999999999999
349,38,12,0.13396051301518713,ind127,0.12676718029711578,0.11176718029711578,0.11926718029711578,0.0075
350,38,12,0.13396051301518713,ind184,0.13601182427858904,0.12101182427858904,0.12851182427858904,0.0075
351,38,12,0.13396051301518713,ind259,0.2101118325663924,0.1801118325663924,0.19511183256639242,0.015
352,38,12,0.13396051301518713,ind400,0.3332425118997095,0.1532425118997095,0.2432425118997095,0.09
354,38,12,0.13396051301518713,ind434,0.048620645635072735,0.0036206456350727388,0.026120645635072735,0.022499999999999996
355,38,12,0.13396051301518713,ind449,0.11220595560304875,0.09720595560304873,0.10470595560304874,0.007500000000000007
356,38,12,0.13396051301518713,ind485,0.15844459520019233,0.12844459520019233,0.14344459520019232,0.015
358,38,12,0.13396051301518713,ind6,0.10261155263765626,0.027611552637656266,0.06511155263765626,0.03749999999999999
359,38,12,0.13396051301518713,ind669,0.17985424753101947,0.11985424753101949,0.14985424753101947,0.029999999999999992
353,38,12,0.13396051301518713,ind406,0.1509432186987592,0.12094321869875922,0.13594321869875922,0.014999999999999993
357,38,12,0.13396051301518713,ind552,0.16311332526369984,0.13311332526369984,0.14811332526369986,0.015
