,Generation id,Number of archives,Initial population time,Evaluation process time,Distance calculation time,Whole process time
0,0,3,0:49:01.349553,0:27:27.092513,0:00:04.701015,1:16:33.143081
1,1,7,0:00:00.005999,0:19:14.262430,0:01:40.345863,0:20:54.614292
12,2,9,0:00:00.007000,0:28:05.931818,0:03:41.520472,0:31:47.459290
23,3,9,0:00:00.008002,0:35:18.080170,0:04:48.286980,0:40:06.375152
33,4,9,0:00:00.005998,0:21:58.688500,0:04:18.200666,0:26:16.895164
34,5,9,0:00:00.009000,0:21:15.347586,0:04:13.103521,0:25:28.460107
35,6,10,0:00:00.007002,0:19:09.035035,0:04:26.551346,0:23:35.593383
36,7,10,0:00:00.008999,0:20:25.597971,0:04:45.025734,0:25:10.632704
37,8,10,0:00:00.006999,0:19:17.573742,0:04:46.867233,0:24:04.447974
38,9,10,0:00:00.006002,0:17:36.775659,0:04:57.503904,0:22:34.285565
2,10,10,0:00:00.005997,0:17:17.856990,0:04:44.422954,0:22:02.285941
3,11,10,0:00:00.006000,0:15:20.722228,0:04:51.884677,0:20:12.612905
4,12,10,0:00:00.008003,0:16:16.360397,0:04:38.916113,0:20:55.284513
5,13,10,0:00:00.005999,0:18:22.049557,0:04:28.756974,0:22:50.812530
6,14,11,0:00:00.005999,0:16:56.813276,0:04:55.812771,0:21:52.632046
7,15,11,0:00:00.009998,0:41:25.962255,0:05:14.978400,0:46:40.950653
8,16,11,0:00:00.011000,0:37:41.051743,0:05:46.100417,0:43:27.164161
9,17,11,0:00:00.008000,0:29:35.682286,0:05:49.241791,0:35:24.932077
10,18,11,0:00:00.008002,0:26:45.585163,0:05:30.838177,0:32:16.431342
11,19,11,0:00:00.007000,0:16:45.968290,0:05:15.587871,0:22:01.563161
13,20,11,0:00:00.004998,0:14:13.170982,0:05:07.904035,0:19:21.080015
14,21,11,0:00:00.009002,0:16:25.512401,0:05:05.419573,0:21:30.940976
15,22,12,0:00:00.006002,0:15:34.576300,0:05:04.661071,0:20:39.243373
16,23,12,0:00:00.009998,0:42:46.043583,0:05:38.292292,0:48:24.345873
17,24,12,0:00:00.009998,0:41:34.673002,0:05:42.862232,0:47:17.545232
18,25,12,0:00:00.010000,0:38:26.188869,0:06:26.542871,0:44:52.741740
19,26,12,0:00:00.011000,0:38:35.705662,0:06:18.705647,0:44:54.422309
20,27,12,0:00:00.010004,0:35:38.504585,0:06:47.596108,0:42:26.110697
21,28,12,0:00:00.008998,0:33:02.067072,0:07:04.999517,0:40:07.075587
22,29,12,0:00:00.009999,0:35:06.751523,0:06:38.765823,0:41:45.527345
24,30,12,0:00:00.009999,0:35:08.675401,0:06:44.345071,0:41:53.030471
25,31,12,0:00:00.008998,0:40:20.852179,0:06:37.925274,0:46:58.786451
26,32,12,0:00:00.008999,0:38:12.956878,0:06:37.004673,0:44:49.970550
27,33,12,0:00:00.008998,0:36:25.785204,0:06:43.398217,0:43:09.192419
28,34,12,0:00:00.009000,0:36:27.218677,0:06:47.686279,0:43:14.913956
29,35,12,0:00:00.009000,0:33:20.413631,0:06:49.526688,0:40:09.949319
30,36,12,0:00:00.012000,0:37:13.195668,0:06:42.180084,0:43:55.387752
31,37,12,0:00:00.008999,0:33:08.929197,0:06:52.179566,0:40:01.117762
32,38,12,0:00:00.007999,0:40:38.940390,0:06:36.947452,0:47:15.895841
