,Generation id,Number of archives,Average fog density,Standard deviation of fog density
0,0,3,0.1298331221788693,"[0.030000000000000006, 0.045, 0.03749999999999999]"
1,1,7,0.09868479150992124,"[0.030000000000000006, 0.037500000000000006, 0.045000000000000005, 0.022499999999999996, 0.0375, 0.045, 0.03749999999999999]"
12,2,9,0.10511917168279483,"[0.030000000000000006, 0.037500000000000006, 0.0375, 0.037500000000000006, 0.037500000000000006, 0.0525, 0.015000000000000003, 0.022500000000000006, 0.03749999999999999]"
23,3,9,0.1117858383494615,"[0.030000000000000006, 0.037500000000000006, 0.0375, 0.037500000000000006, 0.015000000000000003, 0.022500000000000006, 0.022500000000000006, 0.0225, 0.03749999999999999]"
33,4,9,0.1117858383494615,"[0.030000000000000006, 0.037500000000000006, 0.0375, 0.037500000000000006, 0.015000000000000003, 0.022500000000000006, 0.022500000000000006, 0.0225, 0.03749999999999999]"
34,5,9,0.1117858383494615,"[0.030000000000000006, 0.037500000000000006, 0.0375, 0.037500000000000006, 0.015000000000000003, 0.022500000000000006, 0.022500000000000006, 0.0225, 0.03749999999999999]"
35,6,10,0.11166718117161438,"[0.030000000000000006, 0.06749999999999999, 0.015000000000000006, 0.037500000000000006, 0.0375, 0.037500000000000006, 0.015000000000000003, 0.022500000000000006, 0.022500000000000006, 0.03749999999999999]"
36,7,10,0.11016718117161439,"[0.030000000000000006, 0.015000000000000006, 0.03749999999999999, 0.0075, 0.037500000000000006, 0.0375, 0.037500000000000006, 0.015000000000000003, 0.022500000000000006, 0.03749999999999999]"
37,8,10,0.10941718117161439,"[0.015000000000000006, 0.03749999999999999, 0.0075, 0.0225, 0.037500000000000006, 0.0375, 0.037500000000000006, 0.015000000000000003, 0.022500000000000006, 0.03749999999999999]"
38,9,10,0.11466718117161438,"[0.015000000000000006, 0.03749999999999999, 0.0075, 0.0225, 0.03, 0.037500000000000006, 0.0375, 0.015000000000000003, 0.022500000000000006, 0.03749999999999999]"
2,10,10,0.11466718117161438,"[0.015000000000000006, 0.03749999999999999, 0.0075, 0.0225, 0.03, 0.037500000000000006, 0.0375, 0.015000000000000003, 0.022500000000000006, 0.03749999999999999]"
3,11,10,0.11391718117161438,"[0.03749999999999999, 0.0075, 0.0225, 0.03, 0.0075, 0.037500000000000006, 0.0375, 0.015000000000000003, 0.022500000000000006, 0.03749999999999999]"
4,12,10,0.11391718117161438,"[0.03749999999999999, 0.0075, 0.0225, 0.03, 0.0075, 0.037500000000000006, 0.0375, 0.015000000000000003, 0.022500000000000006, 0.03749999999999999]"
5,13,10,0.11391718117161438,"[0.03749999999999999, 0.0075, 0.0225, 0.03, 0.0075, 0.037500000000000006, 0.0375, 0.015000000000000003, 0.022500000000000006, 0.03749999999999999]"
6,14,11,0.11448033129841238,"[0.03749999999999999, 0.0075, 0.0225, 0.03, 0.0075, 0.037500000000000006, 0.08999999999999998, 0.0375, 0.015000000000000003, 0.022500000000000006, 0.03749999999999999]"
7,15,11,0.1178894222075033,"[0.03749999999999999, 0.0075, 0.0225, 0.03, 0.0075, 0.037500000000000006, 0.05249999999999999, 0.0375, 0.015000000000000003, 0.022500000000000006, 0.03749999999999999]"
8,16,11,0.12129851311659419,"[0.03749999999999999, 0.0075, 0.0225, 0.03, 0.0075, 0.037500000000000006, 0.015, 0.0375, 0.015000000000000003, 0.022500000000000006, 0.03749999999999999]"
9,17,11,0.12129851311659419,"[0.03749999999999999, 0.0075, 0.0225, 0.03, 0.0075, 0.037500000000000006, 0.015, 0.0375, 0.015000000000000003, 0.022500000000000006, 0.03749999999999999]"
10,18,11,0.120616694934776,"[0.03749999999999999, 0.0075, 0.0225, 0.03, 0.0075, 0.037500000000000006, 0.015, 0.03, 0.015000000000000003, 0.022500000000000006, 0.03749999999999999]"
11,19,11,0.120616694934776,"[0.03749999999999999, 0.0075, 0.0225, 0.03, 0.0075, 0.037500000000000006, 0.015, 0.03, 0.015000000000000003, 0.022500000000000006, 0.03749999999999999]"
13,20,11,0.120616694934776,"[0.03749999999999999, 0.0075, 0.0225, 0.03, 0.0075, 0.037500000000000006, 0.015, 0.03, 0.015000000000000003, 0.022500000000000006, 0.03749999999999999]"
14,21,11,0.120616694934776,"[0.03749999999999999, 0.0075, 0.0225, 0.03, 0.0075, 0.037500000000000006, 0.015, 0.03, 0.015000000000000003, 0.022500000000000006, 0.03749999999999999]"
15,22,12,0.13021051301518713,"[0.03749999999999999, 0.0075, 0.0225, 0.03, 0.0075, 0.037500000000000006, 0.015, 0.03, 0.09749999999999999, 0.015000000000000003, 0.022500000000000006, 0.03749999999999999]"
16,23,12,0.13021051301518713,"[0.03749999999999999, 0.0075, 0.0225, 0.03, 0.0075, 0.037500000000000006, 0.015, 0.03, 0.09749999999999999, 0.015000000000000003, 0.022500000000000006, 0.03749999999999999]"
17,24,12,0.13021051301518713,"[0.03749999999999999, 0.0075, 0.03, 0.0075, 0.037500000000000006, 0.015, 0.03, 0.015000000000000003, 0.09, 0.014999999999999993, 0.022500000000000006, 0.03749999999999999]"
18,25,12,0.12958551301518714,"[0.03749999999999999, 0.0075, 0.03, 0.0075, 0.037500000000000006, 0.015, 0.015000000000000003, 0.09, 0.014999999999999993, 0.022500000000000006, 0.022499999999999996, 0.03749999999999999]"
19,26,12,0.13271051301518713,"[0.03749999999999999, 0.0075, 0.03, 0.0075, 0.037500000000000006, 0.015, 0.09, 0.014999999999999993, 0.022500000000000006, 0.022499999999999996, 0.007500000000000007, 0.03749999999999999]"
20,27,12,0.13208551301518714,"[0.03749999999999999, 0.0075, 0.03, 0.0075, 0.037500000000000006, 0.015, 0.09, 0.014999999999999993, 0.022499999999999996, 0.007500000000000007, 0.015, 0.03749999999999999]"
21,28,12,0.13208551301518714,"[0.03749999999999999, 0.0075, 0.03, 0.0075, 0.037500000000000006, 0.015, 0.09, 0.014999999999999993, 0.022499999999999996, 0.007500000000000007, 0.015, 0.03749999999999999]"
22,29,12,0.13208551301518714,"[0.03749999999999999, 0.0075, 0.03, 0.0075, 0.037500000000000006, 0.015, 0.09, 0.014999999999999993, 0.022499999999999996, 0.007500000000000007, 0.015, 0.03749999999999999]"
24,30,12,0.13458551301518715,"[0.03749999999999999, 0.0075, 0.0075, 0.015, 0.09, 0.014999999999999993, 0.022499999999999996, 0.007500000000000007, 0.015, 0.0375, 0.015, 0.03749999999999999]"
25,31,12,0.13458551301518715,"[0.03749999999999999, 0.0075, 0.0075, 0.015, 0.09, 0.014999999999999993, 0.022499999999999996, 0.007500000000000007, 0.015, 0.0375, 0.015, 0.03749999999999999]"
26,32,12,0.13458551301518715,"[0.03749999999999999, 0.0075, 0.0075, 0.015, 0.09, 0.014999999999999993, 0.022499999999999996, 0.007500000000000007, 0.015, 0.0375, 0.015, 0.03749999999999999]"
27,33,12,0.13458551301518715,"[0.03749999999999999, 0.0075, 0.0075, 0.015, 0.09, 0.014999999999999993, 0.022499999999999996, 0.007500000000000007, 0.015, 0.0375, 0.015, 0.03749999999999999]"
28,34,12,0.13458551301518715,"[0.03749999999999999, 0.0075, 0.0075, 0.015, 0.09, 0.014999999999999993, 0.022499999999999996, 0.007500000000000007, 0.015, 0.0375, 0.015, 0.03749999999999999]"
29,35,12,0.13396051301518713,"[0.03749999999999999, 0.0075, 0.0075, 0.015, 0.09, 0.014999999999999993, 0.022499999999999996, 0.007500000000000007, 0.015, 0.015, 0.03749999999999999, 0.029999999999999992]"
30,36,12,0.13396051301518713,"[0.03749999999999999, 0.0075, 0.0075, 0.015, 0.09, 0.014999999999999993, 0.022499999999999996, 0.007500000000000007, 0.015, 0.015, 0.03749999999999999, 0.029999999999999992]"
31,37,12,0.13396051301518713,"[0.03749999999999999, 0.0075, 0.0075, 0.015, 0.09, 0.014999999999999993, 0.022499999999999996, 0.007500000000000007, 0.015, 0.015, 0.03749999999999999, 0.029999999999999992]"
32,38,12,0.13396051301518713,"[0.03749999999999999, 0.0075, 0.0075, 0.015, 0.09, 0.014999999999999993, 0.022499999999999996, 0.007500000000000007, 0.015, 0.015, 0.03749999999999999, 0.029999999999999992]"
